REGION,SETTLEMENTDATE,TOTALDEMAND,RRP,PERIODTYPE
NSW1,1999/05/01 00:30,7842.60667,29.33,TRADE
NSW1,1999/05/01 01:00,7809.705,31.46,TRADE
NSW1,1999/05/01 01:30,7524.95333,30.57,TRADE
NSW1,1999/05/01 02:00,7092.235,26.29,TRADE
NSW1,1999/05/01 02:30,6682.93667,22.0,TRADE
NSW1,1999/05/01 03:00,6308.32,22.4,TRADE
NSW1,1999/05/01 03:30,6042.07333,19.6,TRADE
NSW1,1999/05/01 04:00,5761.49,14.49,TRADE
NSW1,1999/05/01 04:30,5682.72167,13.23,TRADE
NSW1,1999/05/01 05:00,5617.28333,12.81,TRADE
NSW1,1999/05/01 05:30,5669.23667,15.58,TRADE
NSW1,1999/05/01 06:00,5808.25667,17.28,TRADE
NSW1,1999/05/01 06:30,6031.48167,20.15,TRADE
NSW1,1999/05/01 07:00,6295.8,22.05,TRADE
NSW1,1999/05/01 07:30,6698.73333,25.07,TRADE
NSW1,1999/05/01 08:00,7230.89667,26.45,TRADE
NSW1,1999/05/01 08:30,7632.56,31.24,TRADE
NSW1,1999/05/01 09:00,7933.525,31.07,TRADE
NSW1,1999/05/01 09:30,8252.44333,37.28,TRADE
NSW1,1999/05/01 10:00,8196.22,35.13,TRADE
NSW1,1999/05/01 10:30,8092.045,36.48,TRADE
NSW1,1999/05/01 11:00,7970.05,34.59,TRADE
NSW1,1999/05/01 11:30,7819.65833,33.72,TRADE
NSW1,1999/05/01 12:00,7641.00167,33.2,TRADE
NSW1,1999/05/01 12:30,7585.91667,33.91,TRADE
NSW1,1999/05/01 13:00,7513.69667,33.26,TRADE
NSW1,1999/05/01 13:30,7388.50333,30.5,TRADE
NSW1,1999/05/01 14:00,7242.57333,27.7,TRADE
NSW1,1999/05/01 14:30,7190.41333,27.49,TRADE
NSW1,1999/05/01 15:00,7109.81167,26.95,TRADE
NSW1,1999/05/01 15:30,7054.72667,26.65,TRADE
NSW1,1999/05/01 16:00,7139.33833,27.92,TRADE
NSW1,1999/05/01 16:30,7189.89333,28.29,TRADE
NSW1,1999/05/01 17:00,7504.355,28.2,TRADE
NSW1,1999/05/01 17:30,7807.95667,30.93,TRADE
NSW1,1999/05/01 18:00,8607.57833,43.08,TRADE
NSW1,1999/05/01 18:30,8700.675,46.46,TRADE
NSW1,1999/05/01 19:00,8449.79833,35.36,TRADE
NSW1,1999/05/01 19:30,8144.405,29.49,TRADE
NSW1,1999/05/01 20:00,7931.41167,29.17,TRADE
NSW1,1999/05/01 20:30,7741.97833,28.23,TRADE
NSW1,1999/05/01 21:00,7612.92667,28.88,TRADE
NSW1,1999/05/01 21:30,7514.11333,28.58,TRADE
NSW1,1999/05/01 22:00,7365.7,27.12,TRADE
NSW1,1999/05/01 22:30,7515.38167,28.03,TRADE
NSW1,1999/05/01 23:00,7560.23,27.7,TRADE
NSW1,1999/05/01 23:30,7529.17167,28.83,TRADE
NSW1,1999/05/02 00:00,7343.94,28.08,TRADE
NSW1,1999/05/02 00:30,7107.20833,27.44,TRADE
NSW1,1999/05/02 01:00,6768.02167,17.87,TRADE
NSW1,1999/05/02 01:30,6521.13667,23.4,TRADE
NSW1,1999/05/02 02:00,6281.005,19.7,TRADE
NSW1,1999/05/02 02:30,6027.12,16.41,TRADE
NSW1,1999/05/02 03:00,5755.955,15.39,TRADE
NSW1,1999/05/02 03:30,5542.10167,14.74,TRADE
NSW1,1999/05/02 04:00,5458.68667,14.1,TRADE
NSW1,1999/05/02 04:30,5334.57167,13.01,TRADE
NSW1,1999/05/02 05:00,5320.415,12.97,TRADE
NSW1,1999/05/02 05:30,5358.73333,13.06,TRADE
NSW1,1999/05/02 06:00,5466.38833,13.81,TRADE
NSW1,1999/05/02 06:30,5612.125,14.8,TRADE
NSW1,1999/05/02 07:00,5803.48833,16.2,TRADE
NSW1,1999/05/02 07:30,6024.67,15.29,TRADE
NSW1,1999/05/02 08:00,6516.74,23.77,TRADE
NSW1,1999/05/02 08:30,6960.055,26.25,TRADE
NSW1,1999/05/02 09:00,7326.47,29.61,TRADE
NSW1,1999/05/02 09:30,7644.13833,32.19,TRADE
NSW1,1999/05/02 10:00,7779.96833,28.79,TRADE
NSW1,1999/05/02 10:30,7695.81,28.42,TRADE
NSW1,1999/05/02 11:00,7629.92667,27.15,TRADE
NSW1,1999/05/02 11:30,7482.61167,23.85,TRADE
NSW1,1999/05/02 12:00,7325.70167,26.8,TRADE
NSW1,1999/05/02 12:30,7219.31333,22.36,TRADE
NSW1,1999/05/02 13:00,7075.89,24.48,TRADE
NSW1,1999/05/02 13:30,6915.62167,19.1,TRADE
NSW1,1999/05/02 14:00,6778.855,17.11,TRADE
NSW1,1999/05/02 14:30,6634.66833,16.16,TRADE
NSW1,1999/05/02 15:00,6584.77667,15.7,TRADE
NSW1,1999/05/02 15:30,6559.80667,15.2,TRADE
NSW1,1999/05/02 16:00,6600.01833,16.1,TRADE
NSW1,1999/05/02 16:30,6690.76167,15.65,TRADE
NSW1,1999/05/02 17:00,6941.585,19.13,TRADE
NSW1,1999/05/02 17:30,7351.22,20.07,TRADE
NSW1,1999/05/02 18:00,8292.3,32.1,TRADE
NSW1,1999/05/02 18:30,8589.67167,38.09,TRADE
NSW1,1999/05/02 19:00,8499.35667,35.32,TRADE
NSW1,1999/05/02 19:30,8306.29167,32.33,TRADE
NSW1,1999/05/02 20:00,8145.81833,31.63,TRADE
NSW1,1999/05/02 20:30,8046.21167,30.58,TRADE
NSW1,1999/05/02 21:00,7918.115,29.23,TRADE
NSW1,1999/05/02 21:30,7689.115,26.01,TRADE
NSW1,1999/05/02 22:00,7418.18167,21.0,TRADE
NSW1,1999/05/02 22:30,7618.54,26.89,TRADE
NSW1,1999/05/02 23:00,7523.31,23.97,TRADE
NSW1,1999/05/02 23:30,7465.59333,26.06,TRADE
NSW1,1999/05/03 00:00,7233.425,22.17,TRADE
NSW1,1999/05/03 00:30,7065.93667,23.75,TRADE
NSW1,1999/05/03 01:00,6783.61833,17.35,TRADE
NSW1,1999/05/03 01:30,6663.18667,21.55,TRADE
NSW1,1999/05/03 02:00,6403.66,17.06,TRADE
NSW1,1999/05/03 02:30,6174.285,17.22,TRADE
NSW1,1999/05/03 03:00,5984.08333,14.87,TRADE
NSW1,1999/05/03 03:30,5803.895,14.33,TRADE
NSW1,1999/05/03 04:00,5655.27833,13.19,TRADE
NSW1,1999/05/03 04:30,5699.61667,13.92,TRADE
NSW1,1999/05/03 05:00,5744.18833,14.68,TRADE
NSW1,1999/05/03 05:30,5952.76,15.01,TRADE
NSW1,1999/05/03 06:00,6421.73833,16.37,TRADE
NSW1,1999/05/03 06:30,7196.21,20.91,TRADE
NSW1,1999/05/03 07:00,8033.02333,33.81,TRADE
NSW1,1999/05/03 07:30,8193.39667,32.96,TRADE
NSW1,1999/05/03 08:00,8685.65833,45.57,TRADE
NSW1,1999/05/03 08:30,8823.585,51.93,TRADE
NSW1,1999/05/03 09:00,8682.59833,61.31,TRADE
NSW1,1999/05/03 09:30,8822.175,58.59,TRADE
NSW1,1999/05/03 10:00,8865.34667,56.17,TRADE
NSW1,1999/05/03 10:30,8635.72667,33.29,TRADE
NSW1,1999/05/03 11:00,8547.83667,29.44,TRADE
NSW1,1999/05/03 11:30,8391.49167,29.3,TRADE
NSW1,1999/05/03 12:00,8361.18333,28.97,TRADE
NSW1,1999/05/03 12:30,8217.87,28.52,TRADE
NSW1,1999/05/03 13:00,8173.79833,21.45,TRADE
NSW1,1999/05/03 13:30,8176.99,27.44,TRADE
NSW1,1999/05/03 14:00,8062.57667,24.76,TRADE
NSW1,1999/05/03 14:30,7951.515,20.07,TRADE
NSW1,1999/05/03 15:00,7912.8,17.14,TRADE
NSW1,1999/05/03 15:30,7869.55,18.15,TRADE
NSW1,1999/05/03 16:00,7933.77167,17.34,TRADE
NSW1,1999/05/03 16:30,8064.54833,16.94,TRADE
NSW1,1999/05/03 17:00,8305.28167,19.44,TRADE
NSW1,1999/05/03 17:30,8684.47333,23.87,TRADE
NSW1,1999/05/03 18:00,9438.32167,49.17,TRADE
NSW1,1999/05/03 18:30,9483.81333,54.06,TRADE
NSW1,1999/05/03 19:00,9345.23833,50.41,TRADE
NSW1,1999/05/03 19:30,8999.24167,35.13,TRADE
NSW1,1999/05/03 20:00,8827.39,29.12,TRADE
NSW1,1999/05/03 20:30,8610.86667,23.26,TRADE
NSW1,1999/05/03 21:00,8572.18833,25.13,TRADE
NSW1,1999/05/03 21:30,8348.97667,22.91,TRADE
NSW1,1999/05/03 22:00,7992.66667,19.87,TRADE
NSW1,1999/05/03 22:30,8152.39667,27.85,TRADE
NSW1,1999/05/03 23:00,8106.37167,24.49,TRADE
NSW1,1999/05/03 23:30,8123.64833,31.63,TRADE
NSW1,1999/05/04 00:00,8107.88167,40.9,TRADE
NSW1,1999/05/04 00:30,7977.90333,33.14,TRADE
NSW1,1999/05/04 01:00,7833.03,32.93,TRADE
NSW1,1999/05/04 01:30,7657.18167,37.54,TRADE
NSW1,1999/05/04 02:00,7325.85,33.24,TRADE
NSW1,1999/05/04 02:30,6916.45333,27.66,TRADE
NSW1,1999/05/04 03:00,6531.85333,27.7,TRADE
NSW1,1999/05/04 03:30,6232.51,24.04,TRADE
NSW1,1999/05/04 04:00,6086.68167,19.99,TRADE
NSW1,1999/05/04 04:30,6003.50333,15.69,TRADE
NSW1,1999/05/04 05:00,5994.76333,15.17,TRADE
NSW1,1999/05/04 05:30,6210.46833,18.79,TRADE
NSW1,1999/05/04 06:00,6619.63,22.45,TRADE
NSW1,1999/05/04 06:30,7416.03,27.5,TRADE
NSW1,1999/05/04 07:00,8224.86167,33.74,TRADE
NSW1,1999/05/04 07:30,8233.735,34.41,TRADE
NSW1,1999/05/04 08:00,8745.89333,50.56,TRADE
NSW1,1999/05/04 08:30,8790.23833,53.23,TRADE
NSW1,1999/05/04 09:00,8608.82667,47.75,TRADE
NSW1,1999/05/04 09:30,8793.16167,44.43,TRADE
NSW1,1999/05/04 10:00,8846.20667,48.81,TRADE
NSW1,1999/05/04 10:30,8623.24,31.81,TRADE
NSW1,1999/05/04 11:00,8461.20667,28.57,TRADE
NSW1,1999/05/04 11:30,8285.89833,24.13,TRADE
NSW1,1999/05/04 12:00,8272.52,29.76,TRADE
NSW1,1999/05/04 12:30,8238.09333,34.78,TRADE
NSW1,1999/05/04 13:00,8186.91,32.52,TRADE
NSW1,1999/05/04 13:30,8167.76667,40.82,TRADE
NSW1,1999/05/04 14:00,8087.255,30.51,TRADE
NSW1,1999/05/04 14:30,8037.26167,28.31,TRADE
NSW1,1999/05/04 15:00,8014.25167,24.19,TRADE
NSW1,1999/05/04 15:30,7966.085,23.2,TRADE
NSW1,1999/05/04 16:00,8034.27333,21.93,TRADE
NSW1,1999/05/04 16:30,8095.3,20.39,TRADE
NSW1,1999/05/04 17:00,8286.73833,20.52,TRADE
NSW1,1999/05/04 17:30,8645.715,23.21,TRADE
NSW1,1999/05/04 18:00,9356.51833,48.32,TRADE
NSW1,1999/05/04 18:30,9374.115,53.16,TRADE
NSW1,1999/05/04 19:00,9222.35167,37.97,TRADE
NSW1,1999/05/04 19:30,8946.93667,29.99,TRADE
NSW1,1999/05/04 20:00,8779.56667,31.47,TRADE
NSW1,1999/05/04 20:30,8627.43333,30.53,TRADE
NSW1,1999/05/04 21:00,8498.01833,26.99,TRADE
NSW1,1999/05/04 21:30,8256.81167,26.36,TRADE
NSW1,1999/05/04 22:00,7973.31333,23.37,TRADE
NSW1,1999/05/04 22:30,8139.96833,30.6,TRADE
NSW1,1999/05/04 23:00,8119.06167,26.47,TRADE
NSW1,1999/05/04 23:30,8096.645,31.31,TRADE
NSW1,1999/05/05 00:00,8133.745,30.49,TRADE
NSW1,1999/05/05 00:30,8032.02,28.95,TRADE
NSW1,1999/05/05 01:00,7822.72167,26.1,TRADE
NSW1,1999/05/05 01:30,7629.73,29.15,TRADE
NSW1,1999/05/05 02:00,7247.93,25.66,TRADE
NSW1,1999/05/05 02:30,6869.48667,21.29,TRADE
NSW1,1999/05/05 03:00,6518.97833,20.88,TRADE
NSW1,1999/05/05 03:30,6250.91333,20.06,TRADE
NSW1,1999/05/05 04:00,6075.295,16.26,TRADE
NSW1,1999/05/05 04:30,5981.09167,14.8,TRADE
NSW1,1999/05/05 05:00,6010.66667,14.98,TRADE
NSW1,1999/05/05 05:30,6225.13167,17.62,TRADE
NSW1,1999/05/05 06:00,6638.95,17.05,TRADE
NSW1,1999/05/05 06:30,7414.31667,23.8,TRADE
NSW1,1999/05/05 07:00,8211.42,32.51,TRADE
NSW1,1999/05/05 07:30,8216.605,34.45,TRADE
NSW1,1999/05/05 08:00,8667.76667,49.29,TRADE
NSW1,1999/05/05 08:30,8687.645,44.68,TRADE
NSW1,1999/05/05 09:00,8518.51667,29.12,TRADE
NSW1,1999/05/05 09:30,8746.44833,39.09,TRADE
NSW1,1999/05/05 10:00,8797.75167,33.4,TRADE
NSW1,1999/05/05 10:30,8640.99333,29.28,TRADE
NSW1,1999/05/05 11:00,8488.66167,28.19,TRADE
NSW1,1999/05/05 11:30,8417.49333,28.09,TRADE
NSW1,1999/05/05 12:00,8347.38333,27.6,TRADE
NSW1,1999/05/05 12:30,8286.9,21.94,TRADE
NSW1,1999/05/05 13:00,8202.46,27.18,TRADE
NSW1,1999/05/05 13:30,8180.52667,29.11,TRADE
NSW1,1999/05/05 14:00,8136.80833,28.98,TRADE
NSW1,1999/05/05 14:30,8093.42167,26.26,TRADE
NSW1,1999/05/05 15:00,8045.49,24.97,TRADE
NSW1,1999/05/05 15:30,7930.77333,19.51,TRADE
NSW1,1999/05/05 16:00,8112.50167,24.27,TRADE
NSW1,1999/05/05 16:30,8240.89333,20.43,TRADE
NSW1,1999/05/05 17:00,8515.32333,21.64,TRADE
NSW1,1999/05/05 17:30,8920.17667,30.96,TRADE
NSW1,1999/05/05 18:00,9400.95333,48.83,TRADE
NSW1,1999/05/05 18:30,9420.96667,43.84,TRADE
NSW1,1999/05/05 19:00,9210.05667,31.81,TRADE
NSW1,1999/05/05 19:30,8906.62333,24.42,TRADE
NSW1,1999/05/05 20:00,8712.98,26.1,TRADE
NSW1,1999/05/05 20:30,8569.47167,27.92,TRADE
NSW1,1999/05/05 21:00,8340.3,21.44,TRADE
NSW1,1999/05/05 21:30,8062.34167,20.54,TRADE
NSW1,1999/05/05 22:00,7867.11667,21.59,TRADE
NSW1,1999/05/05 22:30,8051.91667,27.18,TRADE
NSW1,1999/05/05 23:00,8050.42333,26.05,TRADE
NSW1,1999/05/05 23:30,8091.87333,28.14,TRADE
NSW1,1999/05/06 00:00,8068.66167,28.53,TRADE
NSW1,1999/05/06 00:30,7995.95,28.83,TRADE
NSW1,1999/05/06 01:00,7783.504,25.6,TRADE
NSW1,1999/05/06 01:30,7583.36333,27.68,TRADE
NSW1,1999/05/06 02:00,7248.08167,25.31,TRADE
NSW1,1999/05/06 02:30,6796.205,22.09,TRADE
NSW1,1999/05/06 03:00,6481.33833,21.96,TRADE
NSW1,1999/05/06 03:30,6169.825,18.57,TRADE
NSW1,1999/05/06 04:00,5980.5,15.11,TRADE
NSW1,1999/05/06 04:30,5920.48167,14.57,TRADE
NSW1,1999/05/06 05:00,5913.20833,14.52,TRADE
NSW1,1999/05/06 05:30,6159.54,16.0,TRADE
NSW1,1999/05/06 06:00,6516.91,16.54,TRADE
NSW1,1999/05/06 06:30,7269.515,20.75,TRADE
NSW1,1999/05/06 07:00,8015.36167,28.52,TRADE
NSW1,1999/05/06 07:30,7926.22167,24.79,TRADE
NSW1,1999/05/06 08:00,8385.14,31.83,TRADE
NSW1,1999/05/06 08:30,8471.65667,33.83,TRADE
NSW1,1999/05/06 09:00,8407.72,28.15,TRADE
NSW1,1999/05/06 09:30,8608.99667,30.4,TRADE
NSW1,1999/05/06 10:00,8696.82167,30.05,TRADE
NSW1,1999/05/06 10:30,8499.64667,24.98,TRADE
NSW1,1999/05/06 11:00,8423.44333,24.86,TRADE
NSW1,1999/05/06 11:30,8346.97167,24.63,TRADE
NSW1,1999/05/06 12:00,8333.32,26.26,TRADE
NSW1,1999/05/06 12:30,8299.27333,27.06,TRADE
NSW1,1999/05/06 13:00,8225.15167,29.31,TRADE
NSW1,1999/05/06 13:30,8252.6,32.34,TRADE
NSW1,1999/05/06 14:00,8215.28,30.68,TRADE
NSW1,1999/05/06 14:30,8262.69,29.79,TRADE
NSW1,1999/05/06 15:00,8137.67833,27.78,TRADE
NSW1,1999/05/06 15:30,8031.84,15.26,TRADE
NSW1,1999/05/06 16:00,8027.21333,14.56,TRADE
NSW1,1999/05/06 16:30,8171.475,17.08,TRADE
NSW1,1999/05/06 17:00,8332.945,16.5,TRADE
NSW1,1999/05/06 17:30,8703.74167,24.1,TRADE
NSW1,1999/05/06 18:00,9243.95833,39.57,TRADE
NSW1,1999/05/06 18:30,9249.25167,41.57,TRADE
NSW1,1999/05/06 19:00,9098.77833,32.46,TRADE
NSW1,1999/05/06 19:30,8821.02333,25.87,TRADE
NSW1,1999/05/06 20:00,8639.585,23.59,TRADE
NSW1,1999/05/06 20:30,8462.92333,22.79,TRADE
NSW1,1999/05/06 21:00,8326.28167,20.79,TRADE
NSW1,1999/05/06 21:30,7976.775,16.26,TRADE
NSW1,1999/05/06 22:00,7733.61833,15.9,TRADE
NSW1,1999/05/06 22:30,7960.70667,25.73,TRADE
NSW1,1999/05/06 23:00,8013.40667,23.52,TRADE
NSW1,1999/05/06 23:30,8011.98,27.7,TRADE
NSW1,1999/05/07 00:00,8011.39167,26.61,TRADE
NSW1,1999/05/07 00:30,7870.76333,25.05,TRADE
NSW1,1999/05/07 01:00,7703.525,23.5,TRADE
NSW1,1999/05/07 01:30,7502.23667,27.07,TRADE
NSW1,1999/05/07 02:00,7092.97333,23.4,TRADE
NSW1,1999/05/07 02:30,6714.45833,21.8,TRADE
NSW1,1999/05/07 03:00,6362.16,17.98,TRADE
NSW1,1999/05/07 03:30,6113.81,14.79,TRADE
NSW1,1999/05/07 04:00,5915.18,14.56,TRADE
NSW1,1999/05/07 04:30,5826.92,14.49,TRADE
NSW1,1999/05/07 05:00,5866.04833,16.22,TRADE
NSW1,1999/05/07 05:30,6151.42,21.8,TRADE
NSW1,1999/05/07 06:00,6480.76833,20.15,TRADE
NSW1,1999/05/07 06:30,7231.475,25.37,TRADE
NSW1,1999/05/07 07:00,7995.32,31.31,TRADE
NSW1,1999/05/07 07:30,8013.17833,32.29,TRADE
NSW1,1999/05/07 08:00,8446.965,43.39,TRADE
NSW1,1999/05/07 08:30,8422.54333,44.65,TRADE
NSW1,1999/05/07 09:00,8365.685,30.9,TRADE
NSW1,1999/05/07 09:30,8635.68,38.31,TRADE
NSW1,1999/05/07 10:00,8656.52,40.49,TRADE
NSW1,1999/05/07 10:30,8596.40167,38.16,TRADE
NSW1,1999/05/07 11:00,8422.33667,31.71,TRADE
NSW1,1999/05/07 11:30,8336.18667,44.2,TRADE
NSW1,1999/05/07 12:00,8224.00167,30.99,TRADE
NSW1,1999/05/07 12:30,8185.165,32.24,TRADE
NSW1,1999/05/07 13:00,8155.825,33.0,TRADE
NSW1,1999/05/07 13:30,8091.99333,34.86,TRADE
NSW1,1999/05/07 14:00,8053.15833,31.0,TRADE
NSW1,1999/05/07 14:30,8005.04667,31.5,TRADE
NSW1,1999/05/07 15:00,7926.235,29.85,TRADE
NSW1,1999/05/07 15:30,7923.34,27.77,TRADE
NSW1,1999/05/07 16:00,7956.58833,26.52,TRADE
NSW1,1999/05/07 16:30,7929.66167,20.71,TRADE
NSW1,1999/05/07 17:00,8071.10167,19.94,TRADE
NSW1,1999/05/07 17:30,8352.03667,21.14,TRADE
NSW1,1999/05/07 18:00,8836.77833,44.1,TRADE
NSW1,1999/05/07 18:30,8741.44,35.37,TRADE
NSW1,1999/05/07 19:00,8604.77833,26.51,TRADE
NSW1,1999/05/07 19:30,8349.09333,18.82,TRADE
NSW1,1999/05/07 20:00,8236.16833,25.58,TRADE
NSW1,1999/05/07 20:30,7992.8,23.01,TRADE
NSW1,1999/05/07 21:00,7881.85167,18.04,TRADE
NSW1,1999/05/07 21:30,7720.37167,17.56,TRADE
NSW1,1999/05/07 22:00,7441.65333,16.93,TRADE
NSW1,1999/05/07 22:30,7792.65167,20.73,TRADE
NSW1,1999/05/07 23:00,7905.015,17.87,TRADE
NSW1,1999/05/07 23:30,7966.66167,31.53,TRADE
NSW1,1999/05/08 00:00,7988.05333,31.27,TRADE
NSW1,1999/05/08 00:30,7762.22667,27.7,TRADE
NSW1,1999/05/08 01:00,7607.645,26.26,TRADE
NSW1,1999/05/08 01:30,7384.29167,27.82,TRADE
NSW1,1999/05/08 02:00,7015.24167,24.42,TRADE
NSW1,1999/05/08 02:30,6557.64167,20.81,TRADE
NSW1,1999/05/08 03:00,6214.22,16.19,TRADE
NSW1,1999/05/08 03:30,5877.62667,13.57,TRADE
NSW1,1999/05/08 04:00,5705.71667,13.46,TRADE
NSW1,1999/05/08 04:30,5587.60167,10.75,TRADE
NSW1,1999/05/08 05:00,5531.01667,10.75,TRADE
NSW1,1999/05/08 05:30,5596.585,11.53,TRADE
NSW1,1999/05/08 06:00,5655.64,12.21,TRADE
NSW1,1999/05/08 06:30,5986.98,15.43,TRADE
NSW1,1999/05/08 07:00,6210.13667,15.67,TRADE
NSW1,1999/05/08 07:30,6543.29667,17.6,TRADE
NSW1,1999/05/08 08:00,7094.695,22.02,TRADE
NSW1,1999/05/08 08:30,7589.22833,28.22,TRADE
NSW1,1999/05/08 09:00,7806.25333,27.97,TRADE
NSW1,1999/05/08 09:30,8078.89833,30.95,TRADE
NSW1,1999/05/08 10:00,8236.24667,32.14,TRADE
NSW1,1999/05/08 10:30,8067.195,28.97,TRADE
NSW1,1999/05/08 11:00,7956.52,27.67,TRADE
NSW1,1999/05/08 11:30,7821.63167,27.56,TRADE
NSW1,1999/05/08 12:00,7694.86167,27.96,TRADE
NSW1,1999/05/08 12:30,7559.70167,28.84,TRADE
NSW1,1999/05/08 13:00,7417.75333,29.77,TRADE
NSW1,1999/05/08 13:30,7285.20333,29.14,TRADE
NSW1,1999/05/08 14:00,7135.89333,26.99,TRADE
NSW1,1999/05/08 14:30,7071.32167,27.0,TRADE
NSW1,1999/05/08 15:00,7007.69,26.62,TRADE
NSW1,1999/05/08 15:30,6907.755,22.13,TRADE
NSW1,1999/05/08 16:00,7060.46333,27.11,TRADE
NSW1,1999/05/08 16:30,7186.75,25.93,TRADE
NSW1,1999/05/08 17:00,7529.04833,27.13,TRADE
NSW1,1999/05/08 17:30,7770.87167,26.84,TRADE
NSW1,1999/05/08 18:00,8470.65833,38.5,TRADE
NSW1,1999/05/08 18:30,8474.04833,43.98,TRADE
NSW1,1999/05/08 19:00,8305.63667,37.87,TRADE
NSW1,1999/05/08 19:30,7936.61333,31.47,TRADE
NSW1,1999/05/08 20:00,7729.87167,32.16,TRADE
NSW1,1999/05/08 20:30,7538.43333,29.66,TRADE
NSW1,1999/05/08 21:00,7508.25333,29.77,TRADE
NSW1,1999/05/08 21:30,7307.49167,27.53,TRADE
NSW1,1999/05/08 22:00,7139.835,26.55,TRADE
NSW1,1999/05/08 22:30,7388.23833,27.18,TRADE
NSW1,1999/05/08 23:00,7371.46833,27.4,TRADE
NSW1,1999/05/08 23:30,7350.895,27.69,TRADE
NSW1,1999/05/09 00:00,7222.78667,28.77,TRADE
NSW1,1999/05/09 00:30,7016.61667,27.61,TRADE
NSW1,1999/05/09 01:00,6741.21333,25.31,TRADE
NSW1,1999/05/09 01:30,6479.05667,26.89,TRADE
NSW1,1999/05/09 02:00,6189.99667,22.5,TRADE
NSW1,1999/05/09 02:30,5923.98667,17.51,TRADE
NSW1,1999/05/09 03:00,5687.06833,15.28,TRADE
NSW1,1999/05/09 03:30,5502.25,14.39,TRADE
NSW1,1999/05/09 04:00,5390.29667,13.66,TRADE
NSW1,1999/05/09 04:30,5279.42833,11.9,TRADE
NSW1,1999/05/09 05:00,5278.70167,12.7,TRADE
NSW1,1999/05/09 05:30,5282.24667,11.87,TRADE
NSW1,1999/05/09 06:00,5337.88167,12.68,TRADE
NSW1,1999/05/09 06:30,5515.58333,13.35,TRADE
NSW1,1999/05/09 07:00,5608.45,13.27,TRADE
NSW1,1999/05/09 07:30,5780.20167,13.03,TRADE
NSW1,1999/05/09 08:00,6299.09667,17.3,TRADE
NSW1,1999/05/09 08:30,6808.335,24.78,TRADE
NSW1,1999/05/09 09:00,7144.34,27.2,TRADE
NSW1,1999/05/09 09:30,7338.57833,28.46,TRADE
NSW1,1999/05/09 10:00,7532.40667,30.15,TRADE
NSW1,1999/05/09 10:30,7474.66333,28.82,TRADE
NSW1,1999/05/09 11:00,7396.17,27.61,TRADE
NSW1,1999/05/09 11:30,7246.535,25.89,TRADE
NSW1,1999/05/09 12:00,7113.92333,24.52,TRADE
NSW1,1999/05/09 12:30,7000.15167,22.32,TRADE
NSW1,1999/05/09 13:00,6802.41667,16.93,TRADE
NSW1,1999/05/09 13:30,6688.25,16.8,TRADE
NSW1,1999/05/09 14:00,6511.10333,15.73,TRADE
NSW1,1999/05/09 14:30,6507.10333,15.99,TRADE
NSW1,1999/05/09 15:00,6474.26333,15.53,TRADE
NSW1,1999/05/09 15:30,6488.76833,15.65,TRADE
NSW1,1999/05/09 16:00,6527.44333,15.87,TRADE
NSW1,1999/05/09 16:30,6620.26,16.33,TRADE
NSW1,1999/05/09 17:00,6903.82333,17.35,TRADE
NSW1,1999/05/09 17:30,7286.94833,23.4,TRADE
NSW1,1999/05/09 18:00,7906.87833,33.67,TRADE
NSW1,1999/05/09 18:30,8016.34167,37.4,TRADE
NSW1,1999/05/09 19:00,7913.88667,36.82,TRADE
NSW1,1999/05/09 19:30,7703.075,35.95,TRADE
NSW1,1999/05/09 20:00,7633.93333,35.62,TRADE
NSW1,1999/05/09 20:30,7495.05667,32.5,TRADE
NSW1,1999/05/09 21:00,7422.695,30.95,TRADE
NSW1,1999/05/09 21:30,7203.885,29.14,TRADE
NSW1,1999/05/09 22:00,7016.12833,25.57,TRADE
NSW1,1999/05/09 22:30,7188.14667,27.15,TRADE
NSW1,1999/05/09 23:00,7165.54833,26.35,TRADE
NSW1,1999/05/09 23:30,7222.58333,30.6,TRADE
NSW1,1999/05/10 00:00,6984.12667,25.61,TRADE
NSW1,1999/05/10 00:30,6842.87,24.85,TRADE
NSW1,1999/05/10 02:00,6396.994,21.21,TRADE
NSW1,1999/05/10 02:30,6091.67833,19.82,TRADE
NSW1,1999/05/10 03:00,5801.935,14.74,TRADE
NSW1,1999/05/10 03:30,5786.12667,15.37,TRADE
NSW1,1999/05/10 04:00,5617.195,14.37,TRADE
NSW1,1999/05/10 04:30,5594.77833,15.87,TRADE
NSW1,1999/05/10 05:00,5716.85,16.39,TRADE
NSW1,1999/05/10 05:30,5921.13833,16.64,TRADE
NSW1,1999/05/10 06:00,6361.12833,18.61,TRADE
NSW1,1999/05/10 06:30,7106.47167,23.8,TRADE
NSW1,1999/05/10 07:00,7785.08833,36.32,TRADE
NSW1,1999/05/10 07:30,7858.765,37.0,TRADE
NSW1,1999/05/10 08:00,8361.13333,55.65,TRADE
NSW1,1999/05/10 08:30,8486.105,58.2,TRADE
NSW1,1999/05/10 09:00,8403.07833,56.19,TRADE
NSW1,1999/05/10 09:30,8702.29,57.12,TRADE
NSW1,1999/05/10 10:00,8784.45,57.61,TRADE
NSW1,1999/05/10 10:30,8695.635,56.68,TRADE
NSW1,1999/05/10 11:00,8568.24167,53.39,TRADE
NSW1,1999/05/10 11:30,8513.73,40.19,TRADE
NSW1,1999/05/10 12:00,8507.32167,47.65,TRADE
NSW1,1999/05/10 12:30,8447.42,36.58,TRADE
NSW1,1999/05/10 13:00,8413.695,33.21,TRADE
NSW1,1999/05/10 13:30,8369.55,36.25,TRADE
NSW1,1999/05/10 14:00,8298.18333,33.16,TRADE
NSW1,1999/05/10 14:30,8233.78,33.04,TRADE
NSW1,1999/05/10 15:00,8131.115,28.36,TRADE
NSW1,1999/05/10 15:30,8102.68167,26.53,TRADE
NSW1,1999/05/10 16:00,8162.875,27.41,TRADE
NSW1,1999/05/10 16:30,8282.18,27.79,TRADE
NSW1,1999/05/10 17:00,8461.97833,27.28,TRADE
NSW1,1999/05/10 17:30,8927.655,37.31,TRADE
NSW1,1999/05/10 18:00,9512.34333,59.19,TRADE
NSW1,1999/05/10 18:30,9446.99333,60.47,TRADE
NSW1,1999/05/10 19:00,9178.065,49.33,TRADE
NSW1,1999/05/10 19:30,8857.13333,43.84,TRADE
NSW1,1999/05/10 20:00,8671.84667,38.77,TRADE
NSW1,1999/05/10 20:30,8518.78667,41.75,TRADE
NSW1,1999/05/10 21:00,8356.125,39.51,TRADE
NSW1,1999/05/10 21:30,8114.73,31.73,TRADE
NSW1,1999/05/10 22:00,7806.59,26.94,TRADE
NSW1,1999/05/10 22:30,7996.41,32.23,TRADE
NSW1,1999/05/10 23:00,7975.78833,32.83,TRADE
NSW1,1999/05/10 23:30,8014.26167,38.82,TRADE
NSW1,1999/05/11 00:00,8036.25667,37.36,TRADE
NSW1,1999/05/11 00:30,7956.445,32.92,TRADE
NSW1,1999/05/11 01:00,7852.45667,32.97,TRADE
NSW1,1999/05/11 01:30,7591.48167,33.13,TRADE
NSW1,1999/05/11 02:00,7240.38333,31.0,TRADE
NSW1,1999/05/11 02:30,6811.67833,26.49,TRADE
NSW1,1999/05/11 03:00,6498.09,24.94,TRADE
NSW1,1999/05/11 03:30,6219.77333,23.21,TRADE
NSW1,1999/05/11 04:00,6048.31667,18.87,TRADE
NSW1,1999/05/11 04:30,5944.385,16.16,TRADE
NSW1,1999/05/11 05:00,5944.57333,16.22,TRADE
NSW1,1999/05/11 05:30,6146.85167,19.98,TRADE
NSW1,1999/05/11 06:00,6544.82333,23.44,TRADE
NSW1,1999/05/11 06:30,7296.065,27.26,TRADE
NSW1,1999/05/11 07:00,8079.815,40.33,TRADE
NSW1,1999/05/11 07:30,8109.16333,38.49,TRADE
NSW1,1999/05/11 08:00,8574.30833,56.9,TRADE
NSW1,1999/05/11 08:30,8657.35333,58.49,TRADE
NSW1,1999/05/11 09:00,8508.065,54.68,TRADE
NSW1,1999/05/11 09:30,8739.045,55.84,TRADE
NSW1,1999/05/11 10:00,8786.99167,55.27,TRADE
NSW1,1999/05/11 10:30,8672.83167,48.01,TRADE
NSW1,1999/05/11 11:00,8539.715,40.39,TRADE
NSW1,1999/05/11 11:30,8447.40167,34.33,TRADE
NSW1,1999/05/11 12:00,8440.83,47.72,TRADE
NSW1,1999/05/11 12:30,8384.37833,37.35,TRADE
NSW1,1999/05/11 13:00,8324.19833,34.23,TRADE
NSW1,1999/05/11 13:30,8369.03167,46.01,TRADE
NSW1,1999/05/11 14:00,8324.34,43.08,TRADE
NSW1,1999/05/11 14:30,8321.06167,44.06,TRADE
NSW1,1999/05/11 15:00,8233.82667,38.63,TRADE
NSW1,1999/05/11 15:30,8229.685,31.91,TRADE
NSW1,1999/05/11 16:00,8351.08167,33.16,TRADE
NSW1,1999/05/11 16:30,8423.18333,30.42,TRADE
NSW1,1999/05/11 17:00,8692.31833,34.75,TRADE
NSW1,1999/05/11 17:30,9088.17167,50.5,TRADE
NSW1,1999/05/11 18:00,9592.425,68.14,TRADE
NSW1,1999/05/11 18:30,9421.78667,62.58,TRADE
NSW1,1999/05/11 19:00,9156.5,52.84,TRADE
NSW1,1999/05/11 19:30,8836.20333,36.9,TRADE
NSW1,1999/05/11 20:00,8679.835,41.25,TRADE
NSW1,1999/05/11 20:30,8482.56333,39.83,TRADE
NSW1,1999/05/11 21:00,8328.85,34.27,TRADE
NSW1,1999/05/11 21:30,8047.54,29.33,TRADE
NSW1,1999/05/11 22:00,7779.96833,24.9,TRADE
NSW1,1999/05/11 22:30,8003.925,31.74,TRADE
NSW1,1999/05/11 23:00,7965.99833,30.49,TRADE
NSW1,1999/05/11 23:30,8008.62667,32.47,TRADE
NSW1,1999/05/12 00:00,7998.91167,30.18,TRADE
NSW1,1999/05/12 00:30,7885.65333,28.02,TRADE
NSW1,1999/05/12 01:00,7750.385,25.17,TRADE
NSW1,1999/05/12 01:30,7546.16667,26.53,TRADE
NSW1,1999/05/12 02:00,7134.675,20.88,TRADE
NSW1,1999/05/12 02:30,6763.855,16.14,TRADE
NSW1,1999/05/12 03:00,6402.99,16.47,TRADE
NSW1,1999/05/12 03:30,6115.88833,15.4,TRADE
NSW1,1999/05/12 04:00,5954.62333,14.75,TRADE
NSW1,1999/05/12 04:30,5865.625,14.2,TRADE
NSW1,1999/05/12 05:00,5918.25667,14.54,TRADE
NSW1,1999/05/12 05:30,6116.62667,15.1,TRADE
NSW1,1999/05/12 06:00,6465.47167,15.32,TRADE
NSW1,1999/05/12 06:30,7216.62,17.96,TRADE
NSW1,1999/05/12 07:00,7957.05667,24.51,TRADE
NSW1,1999/05/12 07:30,7990.655,21.68,TRADE
NSW1,1999/05/12 08:00,8417.40833,33.09,TRADE
NSW1,1999/05/12 08:30,8423.695,33.74,TRADE
NSW1,1999/05/12 09:00,8303.89167,27.24,TRADE
NSW1,1999/05/12 09:30,8540.43167,30.17,TRADE
NSW1,1999/05/12 10:00,8586.035,29.27,TRADE
NSW1,1999/05/12 10:30,8483.73,27.61,TRADE
NSW1,1999/05/12 11:00,8394.51833,27.76,TRADE
NSW1,1999/05/12 11:30,8313.615,25.24,TRADE
NSW1,1999/05/12 12:00,8280.50167,27.65,TRADE
NSW1,1999/05/12 12:30,8234.945,25.8,TRADE
NSW1,1999/05/12 13:00,8142.83333,22.71,TRADE
NSW1,1999/05/12 13:30,8156.95,27.07,TRADE
NSW1,1999/05/12 14:00,8131.795,26.47,TRADE
NSW1,1999/05/12 14:30,8109.25167,24.85,TRADE
NSW1,1999/05/12 15:00,8015.20167,19.69,TRADE
NSW1,1999/05/12 15:30,7904.06167,17.28,TRADE
NSW1,1999/05/12 16:00,8039.04333,23.05,TRADE
NSW1,1999/05/12 16:30,8136.31833,24.03,TRADE
NSW1,1999/05/12 17:00,8339.01667,24.45,TRADE
NSW1,1999/05/12 17:30,8829.36,32.79,TRADE
NSW1,1999/05/12 18:00,9245.28,52.4,TRADE
NSW1,1999/05/12 18:30,9032.99333,46.74,TRADE
NSW1,1999/05/12 19:00,8847.04,31.08,TRADE
NSW1,1999/05/12 19:30,8563.48333,24.56,TRADE
NSW1,1999/05/12 20:00,8349.88167,20.12,TRADE
NSW1,1999/05/12 20:30,8233.54667,20.16,TRADE
NSW1,1999/05/12 21:00,8020.53167,16.35,TRADE
NSW1,1999/05/12 21:30,7807.635,15.62,TRADE
NSW1,1999/05/12 22:00,7578.325,17.06,TRADE
NSW1,1999/05/12 22:30,7863.605,28.16,TRADE
NSW1,1999/05/12 23:00,7868.93667,20.89,TRADE
NSW1,1999/05/12 23:30,7880.33,25.57,TRADE
NSW1,1999/05/13 00:00,7910.645,22.5,TRADE
NSW1,1999/05/13 00:30,7827.87667,24.79,TRADE
NSW1,1999/05/13 01:00,7640.10833,18.1,TRADE
NSW1,1999/05/13 01:30,7479.44667,23.42,TRADE
NSW1,1999/05/13 02:00,7090.09833,19.95,TRADE
NSW1,1999/05/13 02:30,6672.27167,16.14,TRADE
NSW1,1999/05/13 03:00,6335.10667,15.39,TRADE
NSW1,1999/05/13 03:30,6086.975,15.29,TRADE
NSW1,1999/05/13 04:00,5928.505,14.79,TRADE
NSW1,1999/05/13 04:30,5807.49167,14.45,TRADE
NSW1,1999/05/13 05:00,5825.46667,14.33,TRADE
NSW1,1999/05/13 05:30,6053.96,15.67,TRADE
NSW1,1999/05/13 06:00,6437.14667,15.44,TRADE
NSW1,1999/05/13 06:30,7157.12333,16.69,TRADE
NSW1,1999/05/13 07:00,7798.79167,22.6,TRADE
NSW1,1999/05/13 07:30,7843.81333,21.38,TRADE
NSW1,1999/05/13 08:00,8328.37333,31.0,TRADE
NSW1,1999/05/13 08:30,8423.75667,40.06,TRADE
NSW1,1999/05/13 09:00,8348.365,29.87,TRADE
NSW1,1999/05/13 09:30,8574.02833,38.44,TRADE
NSW1,1999/05/13 10:00,8632.48667,40.85,TRADE
NSW1,1999/05/13 10:30,8529.39833,29.02,TRADE
NSW1,1999/05/13 11:00,8422.74167,29.59,TRADE
NSW1,1999/05/13 11:30,8318.89667,28.42,TRADE
NSW1,1999/05/13 12:00,8277.375,28.28,TRADE
NSW1,1999/05/13 12:30,8206.14167,27.63,TRADE
NSW1,1999/05/13 13:00,8204.86167,28.43,TRADE
NSW1,1999/05/13 13:30,8198.848,29.41,TRADE
NSW1,1999/05/13 15:30,8186.6575,21.37,TRADE
NSW1,1999/05/13 16:00,8171.13333,26.79,TRADE
NSW1,1999/05/13 16:30,8275.79667,21.38,TRADE
NSW1,1999/05/13 17:00,8426.01333,23.92,TRADE
NSW1,1999/05/13 17:30,8816.21833,36.76,TRADE
NSW1,1999/05/13 18:00,9340.57667,58.15,TRADE
NSW1,1999/05/13 18:30,9299.56167,58.81,TRADE
NSW1,1999/05/13 19:00,9131.21833,51.83,TRADE
NSW1,1999/05/13 19:30,8888.70833,39.03,TRADE
NSW1,1999/05/13 20:00,8697.69167,29.36,TRADE
NSW1,1999/05/13 20:30,8592.995,30.68,TRADE
NSW1,1999/05/13 21:00,8466.97833,28.91,TRADE
NSW1,1999/05/13 21:30,8173.76833,22.41,TRADE
NSW1,1999/05/13 22:00,7874.91,21.12,TRADE
NSW1,1999/05/13 22:30,8088.445,29.37,TRADE
NSW1,1999/05/13 23:00,8099.76,27.19,TRADE
NSW1,1999/05/13 23:30,8133.20667,30.33,TRADE
NSW1,1999/05/14 00:00,8078.15167,27.55,TRADE
NSW1,1999/05/14 00:30,7924.9,27.46,TRADE
NSW1,1999/05/14 01:00,7753.66167,26.13,TRADE
NSW1,1999/05/14 01:30,7544.765,27.71,TRADE
NSW1,1999/05/14 02:00,7155.09833,24.12,TRADE
NSW1,1999/05/14 02:30,6762.305,20.31,TRADE
NSW1,1999/05/14 03:00,6407.34667,16.74,TRADE
NSW1,1999/05/14 03:30,6129.85667,15.82,TRADE
NSW1,1999/05/14 04:00,5953.50667,14.68,TRADE
NSW1,1999/05/14 04:30,5851.24833,13.39,TRADE
NSW1,1999/05/14 05:00,5856.01167,13.46,TRADE
NSW1,1999/05/14 05:30,6077.35333,15.74,TRADE
NSW1,1999/05/14 06:00,6482.66833,16.21,TRADE
NSW1,1999/05/14 06:30,7235.66833,20.15,TRADE
NSW1,1999/05/14 07:00,7979.58,27.62,TRADE
NSW1,1999/05/14 07:30,8035.67167,22.68,TRADE
NSW1,1999/05/14 08:00,8569.345,39.79,TRADE
NSW1,1999/05/14 08:30,8683.75167,51.68,TRADE
NSW1,1999/05/14 09:00,8609.07333,38.45,TRADE
NSW1,1999/05/14 09:30,8762.59833,43.36,TRADE
NSW1,1999/05/14 10:00,8877.315,44.3,TRADE
NSW1,1999/05/14 10:30,8740.61667,33.66,TRADE
NSW1,1999/05/14 11:00,8639.595,33.1,TRADE
NSW1,1999/05/14 11:30,8481.30167,28.88,TRADE
NSW1,1999/05/14 12:00,8443.26167,28.76,TRADE
NSW1,1999/05/14 12:30,8416.64333,29.54,TRADE
NSW1,1999/05/14 13:00,8296.095,28.32,TRADE
NSW1,1999/05/14 13:30,8249.82167,31.52,TRADE
NSW1,1999/05/14 14:00,8198.47,28.63,TRADE
NSW1,1999/05/14 14:30,8137.18833,27.46,TRADE
NSW1,1999/05/14 15:00,8067.395,24.85,TRADE
NSW1,1999/05/14 15:30,7885.19167,15.86,TRADE
NSW1,1999/05/14 16:00,7990.97167,18.07,TRADE
NSW1,1999/05/14 16:30,8101.68,16.53,TRADE
NSW1,1999/05/14 17:00,8278.75,17.51,TRADE
NSW1,1999/05/14 17:30,8640.775,27.47,TRADE
NSW1,1999/05/14 18:00,9259.49,50.29,TRADE
NSW1,1999/05/14 18:30,9178.11,51.46,TRADE
NSW1,1999/05/14 19:00,9056.16667,40.04,TRADE
NSW1,1999/05/14 19:30,8760.93833,29.12,TRADE
NSW1,1999/05/14 20:00,8596.43833,26.97,TRADE
NSW1,1999/05/14 20:30,8431.93333,24.81,TRADE
NSW1,1999/05/14 21:00,8263.925,22.34,TRADE
NSW1,1999/05/14 21:30,8024.29,17.31,TRADE
NSW1,1999/05/14 22:00,7829.57667,17.28,TRADE
NSW1,1999/05/14 22:30,8130.21667,26.94,TRADE
NSW1,1999/05/14 23:00,8224.14333,27.82,TRADE
NSW1,1999/05/14 23:30,8213.91,31.99,TRADE
NSW1,1999/05/15 00:00,8177.715,28.68,TRADE
NSW1,1999/05/15 00:30,7956.94667,26.08,TRADE
NSW1,1999/05/15 01:00,7810.49,25.96,TRADE
NSW1,1999/05/15 01:30,7552.23833,27.07,TRADE
NSW1,1999/05/15 02:00,7143.365,23.89,TRADE
NSW1,1999/05/15 02:30,6713.04167,20.49,TRADE
NSW1,1999/05/15 03:00,6331.865,17.02,TRADE
NSW1,1999/05/15 03:30,6064.87667,15.59,TRADE
NSW1,1999/05/15 04:00,5820.51167,14.62,TRADE
NSW1,1999/05/15 04:30,5691.33,13.02,TRADE
NSW1,1999/05/15 05:00,5619.415,12.84,TRADE
NSW1,1999/05/15 05:30,5689.35167,12.84,TRADE
NSW1,1999/05/15 06:00,5779.585,13.14,TRADE
NSW1,1999/05/15 06:30,6070.58667,14.43,TRADE
NSW1,1999/05/15 07:00,6355.82833,15.42,TRADE
NSW1,1999/05/15 07:30,6690.83333,19.46,TRADE
NSW1,1999/05/15 08:00,7231.61333,23.0,TRADE
NSW1,1999/05/15 08:30,7661.11,26.69,TRADE
NSW1,1999/05/15 09:00,7871.16167,27.15,TRADE
NSW1,1999/05/15 09:30,8160.66667,31.71,TRADE
NSW1,1999/05/15 10:00,8194.27167,32.2,TRADE
NSW1,1999/05/15 10:30,8079.00667,33.28,TRADE
NSW1,1999/05/15 11:00,7966.00167,28.03,TRADE
NSW1,1999/05/15 11:30,7779.14833,27.95,TRADE
NSW1,1999/05/15 12:00,7701.42667,28.05,TRADE
NSW1,1999/05/15 12:30,7595.46167,28.37,TRADE
NSW1,1999/05/15 13:00,7507.07333,28.66,TRADE
NSW1,1999/05/15 13:30,7381.08,28.76,TRADE
NSW1,1999/05/15 14:00,7324.23167,29.14,TRADE
NSW1,1999/05/15 14:30,7232.20667,29.41,TRADE
NSW1,1999/05/15 15:00,7118.135,28.75,TRADE
NSW1,1999/05/15 15:30,7103.195,28.72,TRADE
NSW1,1999/05/15 16:00,7161.21333,28.82,TRADE
NSW1,1999/05/15 16:30,7249.91833,27.73,TRADE
NSW1,1999/05/15 17:00,7570.23,27.91,TRADE
NSW1,1999/05/15 17:30,7945.08167,30.27,TRADE
NSW1,1999/05/15 18:00,8545.28167,37.98,TRADE
NSW1,1999/05/15 18:30,8614.315,39.68,TRADE
NSW1,1999/05/15 19:00,8440.09,38.13,TRADE
NSW1,1999/05/15 19:30,8155.68167,34.86,TRADE
NSW1,1999/05/15 20:00,7956.47833,29.58,TRADE
NSW1,1999/05/15 20:30,7767.52667,29.43,TRADE
NSW1,1999/05/15 21:00,7756.00167,30.09,TRADE
NSW1,1999/05/15 21:30,7579.27833,28.75,TRADE
NSW1,1999/05/15 22:00,7430.03667,28.18,TRADE
NSW1,1999/05/15 22:30,7575.46333,27.52,TRADE
NSW1,1999/05/15 23:00,7560.19167,26.08,TRADE
NSW1,1999/05/15 23:30,7535.42833,26.92,TRADE
NSW1,1999/05/16 00:00,7335.97,26.91,TRADE
NSW1,1999/05/16 00:30,7234.62833,27.47,TRADE
NSW1,1999/05/16 01:00,6935.41167,25.98,TRADE
NSW1,1999/05/16 01:30,6668.89333,27.58,TRADE
NSW1,1999/05/16 02:00,6463.98,25.07,TRADE
NSW1,1999/05/16 02:30,6141.92833,21.03,TRADE
NSW1,1999/05/16 03:00,5938.475,18.89,TRADE
NSW1,1999/05/16 03:30,5718.36167,15.52,TRADE
NSW1,1999/05/16 04:00,5610.335,14.53,TRADE
NSW1,1999/05/16 04:30,5534.465,15.06,TRADE
NSW1,1999/05/16 05:00,5450.07833,13.86,TRADE
NSW1,1999/05/16 05:30,5487.26,14.48,TRADE
NSW1,1999/05/16 06:00,5583.43333,15.37,TRADE
NSW1,1999/05/16 06:30,5733.73,16.4,TRADE
NSW1,1999/05/16 07:00,5989.53167,17.51,TRADE
NSW1,1999/05/16 07:30,6269.20667,16.6,TRADE
NSW1,1999/05/16 08:00,6820.895,23.09,TRADE
NSW1,1999/05/16 08:30,7290.85833,28.37,TRADE
NSW1,1999/05/16 09:00,7678.61667,28.52,TRADE
NSW1,1999/05/16 09:30,7978.32833,31.92,TRADE
NSW1,1999/05/16 10:00,8129.48,31.89,TRADE
NSW1,1999/05/16 10:30,8035.70833,30.81,TRADE
NSW1,1999/05/16 11:00,7883.405,28.39,TRADE
NSW1,1999/05/16 11:30,7705.29167,28.49,TRADE
NSW1,1999/05/16 12:00,7483.90333,24.46,TRADE
NSW1,1999/05/16 12:30,7331.23833,23.44,TRADE
NSW1,1999/05/16 13:00,7109.27833,22.92,TRADE
NSW1,1999/05/16 13:30,6983.73167,23.92,TRADE
NSW1,1999/05/16 14:00,6863.23333,23.77,TRADE
NSW1,1999/05/16 14:30,6794.465,24.31,TRADE
NSW1,1999/05/16 15:00,6716.29667,19.71,TRADE
NSW1,1999/05/16 15:30,6692.96167,18.71,TRADE
NSW1,1999/05/16 16:00,6797.61833,22.58,TRADE
NSW1,1999/05/16 16:30,7077.33833,25.53,TRADE
NSW1,1999/05/16 17:00,7519.665,23.9,TRADE
NSW1,1999/05/16 17:30,8168.13167,29.14,TRADE
NSW1,1999/05/16 18:00,9070.73333,41.01,TRADE
NSW1,1999/05/16 18:30,9331.83167,49.0,TRADE
NSW1,1999/05/16 19:00,9196.30333,41.82,TRADE
NSW1,1999/05/16 19:30,9003.40833,38.7,TRADE
NSW1,1999/05/16 20:00,8841.90333,35.23,TRADE
NSW1,1999/05/16 20:30,8724.73,35.22,TRADE
NSW1,1999/05/16 21:00,8587.785,33.06,TRADE
NSW1,1999/05/16 21:30,8251.33167,32.54,TRADE
NSW1,1999/05/16 22:00,7999.38,28.87,TRADE
NSW1,1999/05/16 22:30,8037.06333,28.42,TRADE
NSW1,1999/05/16 23:00,7883.425,28.04,TRADE
NSW1,1999/05/16 23:30,7796.36833,27.99,TRADE
NSW1,1999/05/17 00:00,7563.985,26.88,TRADE
NSW1,1999/05/17 00:30,7307.70833,25.46,TRADE
NSW1,1999/05/17 01:00,7083.705,23.81,TRADE
NSW1,1999/05/17 01:30,6919.34333,26.07,TRADE
NSW1,1999/05/17 02:00,6698.07667,24.7,TRADE
NSW1,1999/05/17 02:30,6457.00167,22.95,TRADE
NSW1,1999/05/17 03:00,6242.14833,20.21,TRADE
NSW1,1999/05/17 03:30,6085.24,16.82,TRADE
NSW1,1999/05/17 04:00,5925.005,14.12,TRADE
NSW1,1999/05/17 04:30,5887.74833,14.5,TRADE
NSW1,1999/05/17 05:00,5960.55167,14.96,TRADE
NSW1,1999/05/17 05:30,6259.745,19.01,TRADE
NSW1,1999/05/17 06:00,6685.535,21.14,TRADE
NSW1,1999/05/17 06:30,7548.97,25.7,TRADE
NSW1,1999/05/17 07:00,8446.12833,33.63,TRADE
NSW1,1999/05/17 07:30,8615.12167,30.33,TRADE
NSW1,1999/05/17 08:00,9166.96167,44.6,TRADE
NSW1,1999/05/17 08:30,9335.84833,53.59,TRADE
NSW1,1999/05/17 09:00,9139.74833,48.62,TRADE
NSW1,1999/05/17 09:30,9373.86667,57.0,TRADE
NSW1,1999/05/17 10:00,9363.17833,55.22,TRADE
NSW1,1999/05/17 10:30,9157.36,49.68,TRADE
NSW1,1999/05/17 11:00,8981.63833,40.51,TRADE
NSW1,1999/05/17 11:30,8852.485,32.41,TRADE
NSW1,1999/05/17 12:00,8728.67667,30.77,TRADE
NSW1,1999/05/17 12:30,8568.95667,28.78,TRADE
NSW1,1999/05/17 13:00,8489.895,27.48,TRADE
NSW1,1999/05/17 13:30,8457.97,24.74,TRADE
NSW1,1999/05/17 14:00,8375.815,24.1,TRADE
NSW1,1999/05/17 14:30,8259.80167,22.11,TRADE
NSW1,1999/05/17 15:00,8197.78833,24.48,TRADE
NSW1,1999/05/17 15:30,8125.04,23.59,TRADE
NSW1,1999/05/17 16:00,8232.09,24.09,TRADE
NSW1,1999/05/17 16:30,8434.96833,23.42,TRADE
NSW1,1999/05/17 17:00,8737.04667,23.88,TRADE
NSW1,1999/05/17 17:30,9381.74333,43.9,TRADE
NSW1,1999/05/17 18:00,10109.33,64.03,TRADE
NSW1,1999/05/17 18:30,10093.83167,62.45,TRADE
NSW1,1999/05/17 19:00,9900.61833,59.8,TRADE
NSW1,1999/05/17 19:30,9670.58167,51.36,TRADE
NSW1,1999/05/17 20:00,9423.48833,44.7,TRADE
NSW1,1999/05/17 20:30,9224.72333,37.11,TRADE
NSW1,1999/05/17 21:00,9120.18167,44.35,TRADE
NSW1,1999/05/17 21:30,8797.13333,32.48,TRADE
NSW1,1999/05/17 22:00,8408.26167,27.18,TRADE
NSW1,1999/05/17 22:30,8565.06,33.19,TRADE
NSW1,1999/05/17 23:00,8473.58667,29.18,TRADE
NSW1,1999/05/17 23:30,8461.255,34.5,TRADE
NSW1,1999/05/18 00:00,8410.41333,33.43,TRADE
NSW1,1999/05/18 00:30,8274.12333,32.54,TRADE
NSW1,1999/05/18 01:00,8161.75667,28.6,TRADE
NSW1,1999/05/18 01:30,7957.53167,34.52,TRADE
NSW1,1999/05/18 02:00,7606.76333,35.4,TRADE
NSW1,1999/05/18 02:30,7178.28667,29.48,TRADE
NSW1,1999/05/18 03:00,6816.67833,25.34,TRADE
NSW1,1999/05/18 03:30,6529.22667,22.81,TRADE
NSW1,1999/05/18 04:00,6285.33,18.36,TRADE
NSW1,1999/05/18 04:30,6182.56833,16.64,TRADE
NSW1,1999/05/18 05:00,6225.42667,16.73,TRADE
NSW1,1999/05/18 05:30,6447.98167,20.31,TRADE
NSW1,1999/05/18 06:00,6825.29167,21.68,TRADE
NSW1,1999/05/18 06:30,7685.49333,25.27,TRADE
NSW1,1999/05/18 07:00,8548.25667,44.47,TRADE
NSW1,1999/05/18 07:30,8663.165,31.46,TRADE
NSW1,1999/05/18 08:00,9184.73333,56.3,TRADE
NSW1,1999/05/18 08:30,9172.32,56.15,TRADE
NSW1,1999/05/18 09:00,8966.30667,47.41,TRADE
NSW1,1999/05/18 09:30,9152.21333,56.01,TRADE
NSW1,1999/05/18 10:00,9124.97167,56.33,TRADE
NSW1,1999/05/18 10:30,8926.82833,43.49,TRADE
NSW1,1999/05/18 11:00,8716.55333,36.93,TRADE
NSW1,1999/05/18 11:30,8551.51,34.38,TRADE
NSW1,1999/05/18 12:00,8469.885,41.74,TRADE
NSW1,1999/05/18 12:30,8401.44667,38.58,TRADE
NSW1,1999/05/18 13:00,8292.81167,32.54,TRADE
NSW1,1999/05/18 13:30,8246.05667,34.92,TRADE
NSW1,1999/05/18 14:00,8172.42333,33.71,TRADE
NSW1,1999/05/18 14:30,8194.535,32.71,TRADE
NSW1,1999/05/18 15:00,8047.73167,27.19,TRADE
NSW1,1999/05/18 15:30,8039.72333,26.43,TRADE
NSW1,1999/05/18 16:00,8125.10667,28.09,TRADE
NSW1,1999/05/18 16:30,8256.93167,27.26,TRADE
NSW1,1999/05/18 17:00,8532.38167,36.75,TRADE
NSW1,1999/05/18 17:30,9048.27667,47.94,TRADE
NSW1,1999/05/18 18:00,9745.14333,62.11,TRADE
NSW1,1999/05/18 18:30,9707.35667,60.41,TRADE
NSW1,1999/05/18 19:00,9532.74333,57.99,TRADE
NSW1,1999/05/18 19:30,9244.16833,48.36,TRADE
NSW1,1999/05/18 20:00,9083.45,45.05,TRADE
NSW1,1999/05/18 20:30,8904.05833,38.32,TRADE
NSW1,1999/05/18 21:00,8790.35333,40.35,TRADE
NSW1,1999/05/18 21:30,8500.9,31.37,TRADE
NSW1,1999/05/18 22:00,8227.39167,30.29,TRADE
NSW1,1999/05/18 22:30,8359.13833,38.45,TRADE
NSW1,1999/05/18 23:00,8310.46167,33.03,TRADE
NSW1,1999/05/18 23:30,8290.99833,38.94,TRADE
NSW1,1999/05/19 00:00,8251.82833,34.59,TRADE
NSW1,1999/05/19 00:30,8148.02167,33.21,TRADE
NSW1,1999/05/19 01:00,8048.41833,32.14,TRADE
NSW1,1999/05/19 01:30,7800.44,34.36,TRADE
NSW1,1999/05/19 02:00,7442.68,31.64,TRADE
NSW1,1999/05/19 02:30,7031.09333,27.04,TRADE
NSW1,1999/05/19 03:00,6632.845,27.12,TRADE
NSW1,1999/05/19 03:30,6365.07333,25.28,TRADE
NSW1,1999/05/19 04:00,6174.81,23.04,TRADE
NSW1,1999/05/19 04:30,6073.1,22.42,TRADE
NSW1,1999/05/19 05:00,6098.025,22.54,TRADE
NSW1,1999/05/19 05:30,6284.99333,24.66,TRADE
NSW1,1999/05/19 06:00,6748.35,24.78,TRADE
NSW1,1999/05/19 06:30,7541.69667,43.07,TRADE
NSW1,1999/05/19 07:00,8388.28333,54.73,TRADE
NSW1,1999/05/19 07:30,8467.31167,46.6,TRADE
NSW1,1999/05/19 08:00,8913.92667,59.37,TRADE
NSW1,1999/05/19 08:30,8932.34667,59.25,TRADE
NSW1,1999/05/19 09:00,8785.725,57.7,TRADE
NSW1,1999/05/19 09:30,8990.84,59.22,TRADE
NSW1,1999/05/19 10:00,8923.68333,58.97,TRADE
NSW1,1999/05/19 10:30,8774.565,57.8,TRADE
NSW1,1999/05/19 11:00,8568.5,54.23,TRADE
NSW1,1999/05/19 11:30,8480.61833,49.4,TRADE
NSW1,1999/05/19 12:00,8412.255,40.48,TRADE
NSW1,1999/05/19 12:30,8302.195,37.35,TRADE
NSW1,1999/05/19 13:00,8208.2,29.9,TRADE
NSW1,1999/05/19 13:30,8194.79333,32.49,TRADE
NSW1,1999/05/19 14:00,8161.69167,37.97,TRADE
NSW1,1999/05/19 14:30,8079.125,37.01,TRADE
NSW1,1999/05/19 15:00,8071.13333,35.89,TRADE
NSW1,1999/05/19 15:30,8045.59833,30.82,TRADE
NSW1,1999/05/19 16:00,8092.44833,30.25,TRADE
NSW1,1999/05/19 16:30,8208.74,28.49,TRADE
NSW1,1999/05/19 17:00,8430.46833,28.92,TRADE
NSW1,1999/05/19 17:30,8988.11,49.08,TRADE
NSW1,1999/05/19 18:00,9563.915,58.99,TRADE
NSW1,1999/05/19 18:30,9471.85167,56.82,TRADE
NSW1,1999/05/19 19:00,9347.04667,48.9,TRADE
NSW1,1999/05/19 19:30,9183.58,41.72,TRADE
NSW1,1999/05/19 20:00,8877.05833,34.18,TRADE
NSW1,1999/05/19 20:30,8732.51833,49.73,TRADE
NSW1,1999/05/19 21:00,8623.88667,46.51,TRADE
NSW1,1999/05/19 21:30,8378.37,41.55,TRADE
NSW1,1999/05/19 22:00,8044.08333,27.87,TRADE
NSW1,1999/05/19 22:30,8242.15833,38.3,TRADE
NSW1,1999/05/19 23:00,8212.13667,34.27,TRADE
NSW1,1999/05/19 23:30,8217.34833,43.11,TRADE
NSW1,1999/05/20 00:00,8201.82,41.6,TRADE
NSW1,1999/05/20 00:30,8074.69667,43.89,TRADE
NSW1,1999/05/20 01:00,7942.40167,33.21,TRADE
NSW1,1999/05/20 01:30,7752.41,39.55,TRADE
NSW1,1999/05/20 02:00,7350.74333,33.93,TRADE
NSW1,1999/05/20 02:30,6952.93,27.38,TRADE
NSW1,1999/05/20 03:00,6629.34667,27.06,TRADE
NSW1,1999/05/20 03:30,6338.07167,27.62,TRADE
NSW1,1999/05/20 04:00,6132.21167,25.19,TRADE
NSW1,1999/05/20 04:30,6016.46333,19.97,TRADE
NSW1,1999/05/20 05:00,6015.435,19.13,TRADE
NSW1,1999/05/20 05:30,6281.115,21.94,TRADE
NSW1,1999/05/20 06:00,6638.81167,23.36,TRADE
NSW1,1999/05/20 06:30,7441.34167,28.21,TRADE
NSW1,1999/05/20 07:00,8203.595,43.1,TRADE
NSW1,1999/05/20 07:30,8361.17,39.65,TRADE
NSW1,1999/05/20 08:00,8843.18333,56.4,TRADE
NSW1,1999/05/20 08:30,8841.88667,52.34,TRADE
NSW1,1999/05/20 09:00,8682.3,39.2,TRADE
NSW1,1999/05/20 09:30,8851.83333,52.53,TRADE
NSW1,1999/05/20 10:00,8828.31,50.17,TRADE
NSW1,1999/05/20 10:30,8664.28167,43.91,TRADE
NSW1,1999/05/20 11:00,8494.27167,37.28,TRADE
NSW1,1999/05/20 11:30,8363.93167,33.77,TRADE
NSW1,1999/05/20 12:00,8314.62167,39.93,TRADE
NSW1,1999/05/20 12:30,8261.14167,41.08,TRADE
NSW1,1999/05/20 13:00,8221.89833,39.3,TRADE
NSW1,1999/05/20 13:30,8139.835,43.79,TRADE
NSW1,1999/05/20 14:00,8106.39167,42.01,TRADE
NSW1,1999/05/20 14:30,8070.63167,36.32,TRADE
NSW1,1999/05/20 15:00,8042.045,36.64,TRADE
NSW1,1999/05/20 15:30,7924.61167,26.99,TRADE
NSW1,1999/05/20 16:00,8037.36667,32.03,TRADE
NSW1,1999/05/20 16:30,8147.82667,31.0,TRADE
NSW1,1999/05/20 17:00,8333.03667,32.79,TRADE
NSW1,1999/05/20 17:30,8872.225,43.69,TRADE
NSW1,1999/05/20 18:00,9457.68333,65.35,TRADE
NSW1,1999/05/20 18:30,9391.89667,53.36,TRADE
NSW1,1999/05/20 19:00,9235.065,43.41,TRADE
NSW1,1999/05/20 19:30,8999.93333,50.76,TRADE
NSW1,1999/05/20 20:00,8882.36,48.69,TRADE
NSW1,1999/05/20 20:30,8743.33167,45.0,TRADE
NSW1,1999/05/20 21:00,8568.26667,38.94,TRADE
NSW1,1999/05/20 21:30,8310.01167,29.03,TRADE
NSW1,1999/05/20 22:00,7997.21167,22.64,TRADE
NSW1,1999/05/20 22:30,8225.925,32.27,TRADE
NSW1,1999/05/20 23:00,8199.44,29.24,TRADE
NSW1,1999/05/20 23:30,8238.94333,38.86,TRADE
NSW1,1999/05/21 00:00,8169.41667,32.43,TRADE
NSW1,1999/05/21 00:30,8086.025,31.35,TRADE
NSW1,1999/05/21 01:00,7939.85833,26.24,TRADE
NSW1,1999/05/21 01:30,7728.72333,29.46,TRADE
NSW1,1999/05/21 02:00,7335.16667,26.0,TRADE
NSW1,1999/05/21 02:30,6929.12833,21.1,TRADE
NSW1,1999/05/21 03:00,6599.475,19.16,TRADE
NSW1,1999/05/21 03:30,6312.44,16.32,TRADE
NSW1,1999/05/21 04:00,6100.31333,14.74,TRADE
NSW1,1999/05/21 04:30,5973.22667,14.61,TRADE
NSW1,1999/05/21 05:00,6029.16667,14.69,TRADE
NSW1,1999/05/21 05:30,6250.94667,18.32,TRADE
NSW1,1999/05/21 06:00,6599.37167,16.26,TRADE
NSW1,1999/05/21 06:30,7389.80667,21.62,TRADE
NSW1,1999/05/21 07:00,8098.87333,28.95,TRADE
NSW1,1999/05/21 07:30,8233.66167,28.39,TRADE
NSW1,1999/05/21 08:00,8778.75667,48.41,TRADE
NSW1,1999/05/21 08:30,8778.83833,47.29,TRADE
NSW1,1999/05/21 09:00,8742.97333,49.69,TRADE
NSW1,1999/05/21 09:30,8968.345,52.31,TRADE
NSW1,1999/05/21 10:00,9081.85,54.49,TRADE
NSW1,1999/05/21 10:30,8937.39333,49.91,TRADE
NSW1,1999/05/21 11:00,8707.835,33.76,TRADE
NSW1,1999/05/21 11:30,8624.53833,47.45,TRADE
NSW1,1999/05/21 12:00,8535.69333,44.96,TRADE
NSW1,1999/05/21 12:30,8466.27667,43.7,TRADE
NSW1,1999/05/21 13:00,8362.74333,33.86,TRADE
NSW1,1999/05/21 13:30,8301.025,37.48,TRADE
NSW1,1999/05/21 14:00,8183.735,30.73,TRADE
NSW1,1999/05/21 14:30,8214.67833,32.15,TRADE
NSW1,1999/05/21 15:00,8137.10833,27.33,TRADE
NSW1,1999/05/21 15:30,8064.795,26.15,TRADE
NSW1,1999/05/21 16:00,8175.68333,26.73,TRADE
NSW1,1999/05/21 16:30,8326.595,25.63,TRADE
NSW1,1999/05/21 17:00,8613.56333,30.11,TRADE
NSW1,1999/05/21 17:30,9030.40833,37.59,TRADE
NSW1,1999/05/21 18:00,9403.39833,50.12,TRADE
NSW1,1999/05/21 18:30,9243.64667,42.23,TRADE
NSW1,1999/05/21 19:00,9029.19333,35.73,TRADE
NSW1,1999/05/21 19:30,8753.48833,24.75,TRADE
NSW1,1999/05/21 20:00,8536.62167,23.13,TRADE
NSW1,1999/05/21 20:30,8393.57667,22.79,TRADE
NSW1,1999/05/21 21:00,8285.99833,28.22,TRADE
NSW1,1999/05/21 21:30,8102.49333,21.68,TRADE
NSW1,1999/05/21 22:00,7850.47167,17.82,TRADE
NSW1,1999/05/21 22:30,8126.61833,31.12,TRADE
NSW1,1999/05/21 23:00,8180.965,29.17,TRADE
NSW1,1999/05/21 23:30,8170.53333,34.23,TRADE
NSW1,1999/05/22 00:00,8191.125,32.25,TRADE
NSW1,1999/05/22 00:30,7949.39333,27.83,TRADE
NSW1,1999/05/22 01:00,7880.585,26.28,TRADE
NSW1,1999/05/22 01:30,7655.395,28.0,TRADE
NSW1,1999/05/22 02:00,7273.68667,26.89,TRADE
NSW1,1999/05/22 02:30,6826.32833,23.57,TRADE
NSW1,1999/05/22 03:00,6464.98667,21.9,TRADE
NSW1,1999/05/22 03:30,6139.03833,16.41,TRADE
NSW1,1999/05/22 04:00,5892.63167,14.81,TRADE
NSW1,1999/05/22 04:30,5758.36167,13.85,TRADE
NSW1,1999/05/22 05:00,5667.70333,13.03,TRADE
NSW1,1999/05/22 05:30,5760.57333,14.61,TRADE
NSW1,1999/05/22 06:00,5849.86667,14.91,TRADE
NSW1,1999/05/22 06:30,6171.35333,17.6,TRADE
NSW1,1999/05/22 07:00,6365.64833,19.06,TRADE
NSW1,1999/05/22 07:30,6739.90167,22.77,TRADE
NSW1,1999/05/22 08:00,7343.56,27.04,TRADE
NSW1,1999/05/22 08:30,7768.56667,31.75,TRADE
NSW1,1999/05/22 09:00,8022.16333,36.55,TRADE
NSW1,1999/05/22 09:30,8347.43667,38.92,TRADE
NSW1,1999/05/22 10:00,8381.43833,36.89,TRADE
NSW1,1999/05/22 10:30,8283.14,37.28,TRADE
NSW1,1999/05/22 11:00,8111.30167,33.21,TRADE
NSW1,1999/05/22 11:30,7963.46167,32.64,TRADE
NSW1,1999/05/22 12:00,7770.14833,31.3,TRADE
NSW1,1999/05/22 12:30,7632.02333,33.63,TRADE
NSW1,1999/05/22 13:00,7475.14667,28.25,TRADE
NSW1,1999/05/22 13:30,7336.39667,28.74,TRADE
NSW1,1999/05/22 14:00,7227.59333,29.21,TRADE
NSW1,1999/05/22 14:30,7149.035,29.31,TRADE
NSW1,1999/05/22 15:00,7012.59167,28.0,TRADE
NSW1,1999/05/22 15:30,6974.25667,27.56,TRADE
NSW1,1999/05/22 16:00,7034.45167,28.27,TRADE
NSW1,1999/05/22 16:30,7079.20333,24.89,TRADE
NSW1,1999/05/22 17:00,7395.0,26.04,TRADE
NSW1,1999/05/22 17:30,7872.455,31.64,TRADE
NSW1,1999/05/22 18:00,8530.25833,38.35,TRADE
NSW1,1999/05/22 18:30,8481.91667,33.8,TRADE
NSW1,1999/05/22 19:00,8243.52667,27.7,TRADE
NSW1,1999/05/22 19:30,7980.31667,26.87,TRADE
NSW1,1999/05/22 20:00,7760.44167,25.97,TRADE
NSW1,1999/05/22 20:30,7571.21167,25.88,TRADE
NSW1,1999/05/22 21:00,7483.195,26.52,TRADE
NSW1,1999/05/22 21:30,7347.05333,27.34,TRADE
NSW1,1999/05/22 22:00,7188.49167,24.33,TRADE
NSW1,1999/05/22 22:30,7351.67167,26.52,TRADE
NSW1,1999/05/22 23:00,7366.27333,24.59,TRADE
NSW1,1999/05/22 23:30,7438.19167,27.57,TRADE
NSW1,1999/05/23 00:00,7261.63333,25.34,TRADE
NSW1,1999/05/23 00:30,7048.80333,25.93,TRADE
NSW1,1999/05/23 01:00,6767.09833,25.11,TRADE
NSW1,1999/05/23 01:30,6561.365,27.43,TRADE
NSW1,1999/05/23 02:00,6286.665,22.6,TRADE
NSW1,1999/05/23 02:30,5973.74333,17.03,TRADE
NSW1,1999/05/23 03:00,5753.345,15.88,TRADE
NSW1,1999/05/23 03:30,5561.66333,13.78,TRADE
NSW1,1999/05/23 04:00,5425.43833,12.36,TRADE
NSW1,1999/05/23 04:30,5326.80333,12.19,TRADE
NSW1,1999/05/23 05:00,5258.62833,11.93,TRADE
NSW1,1999/05/23 05:30,5320.66667,12.15,TRADE
NSW1,1999/05/23 06:00,5399.20167,12.27,TRADE
NSW1,1999/05/23 06:30,5581.09167,13.3,TRADE
NSW1,1999/05/23 07:00,5751.85667,13.69,TRADE
NSW1,1999/05/23 07:30,5931.945,12.62,TRADE
NSW1,1999/05/23 08:00,6370.37833,14.47,TRADE
NSW1,1999/05/23 08:30,6762.40333,15.22,TRADE
NSW1,1999/05/23 09:00,7056.91667,18.79,TRADE
NSW1,1999/05/23 09:30,7391.98667,23.48,TRADE
NSW1,1999/05/23 10:00,7529.315,25.64,TRADE
NSW1,1999/05/23 10:30,7579.85167,27.02,TRADE
NSW1,1999/05/23 11:00,7483.25833,26.12,TRADE
NSW1,1999/05/23 11:30,7382.54,26.45,TRADE
NSW1,1999/05/23 12:00,7312.58333,27.16,TRADE
NSW1,1999/05/23 12:30,7236.67333,27.61,TRADE
NSW1,1999/05/23 13:00,7136.58333,27.53,TRADE
NSW1,1999/05/23 13:30,7011.275,28.04,TRADE
NSW1,1999/05/23 14:00,6876.68333,26.1,TRADE
NSW1,1999/05/23 14:30,6823.62667,26.06,TRADE
NSW1,1999/05/23 15:00,6712.79,24.94,TRADE
NSW1,1999/05/23 15:30,6732.00333,20.98,TRADE
NSW1,1999/05/23 16:00,6816.91333,24.61,TRADE
NSW1,1999/05/23 16:30,6953.72667,21.99,TRADE
NSW1,1999/05/23 17:00,7318.595,24.26,TRADE
NSW1,1999/05/23 17:30,7794.18333,27.45,TRADE
NSW1,1999/05/23 18:00,8335.835,33.62,TRADE
NSW1,1999/05/23 18:30,8405.51,31.16,TRADE
NSW1,1999/05/23 19:00,8226.00667,26.5,TRADE
NSW1,1999/05/23 19:30,7943.43333,25.81,TRADE
NSW1,1999/05/23 20:00,7874.37667,27.5,TRADE
NSW1,1999/05/23 20:30,7711.21833,26.38,TRADE
NSW1,1999/05/23 21:00,7591.27,24.96,TRADE
NSW1,1999/05/23 21:30,7296.39,18.85,TRADE
NSW1,1999/05/23 22:00,7079.87333,17.08,TRADE
NSW1,1999/05/23 22:30,7247.235,21.74,TRADE
NSW1,1999/05/23 23:00,7139.71,18.44,TRADE
NSW1,1999/05/23 23:30,7256.17333,25.61,TRADE
NSW1,1999/05/24 00:00,7080.77167,25.4,TRADE
NSW1,1999/05/24 00:30,6931.63,23.75,TRADE
NSW1,1999/05/24 01:00,6604.15833,16.06,TRADE
NSW1,1999/05/24 01:30,6481.29833,23.1,TRADE
NSW1,1999/05/24 02:00,6283.99667,20.69,TRADE
NSW1,1999/05/24 02:30,6060.095,16.36,TRADE
NSW1,1999/05/24 03:00,5840.41167,15.58,TRADE
NSW1,1999/05/24 03:30,5714.92667,14.41,TRADE
NSW1,1999/05/24 04:00,5589.59333,12.77,TRADE
NSW1,1999/05/24 04:30,5585.73167,12.63,TRADE
NSW1,1999/05/24 05:00,5622.92333,12.49,TRADE
NSW1,1999/05/24 05:30,5912.29167,14.77,TRADE
NSW1,1999/05/24 06:00,6262.32833,16.03,TRADE
NSW1,1999/05/24 06:30,7016.675,18.69,TRADE
NSW1,1999/05/24 07:00,7764.22,23.11,TRADE
NSW1,1999/05/24 07:30,7829.68667,20.03,TRADE
NSW1,1999/05/24 08:00,8321.40333,28.66,TRADE
NSW1,1999/05/24 08:30,8431.29667,33.07,TRADE
NSW1,1999/05/24 09:00,8419.50833,28.54,TRADE
NSW1,1999/05/24 09:30,8709.09333,42.22,TRADE
NSW1,1999/05/24 10:00,8799.245,37.92,TRADE
NSW1,1999/05/24 10:30,8793.39667,35.64,TRADE
NSW1,1999/05/24 11:00,8648.82,44.25,TRADE
NSW1,1999/05/24 11:30,8516.86,39.89,TRADE
NSW1,1999/05/24 12:00,8532.72167,46.53,TRADE
NSW1,1999/05/24 12:30,8492.79667,40.12,TRADE
NSW1,1999/05/24 13:00,8446.58167,35.5,TRADE
NSW1,1999/05/24 13:30,8380.30167,39.99,TRADE
NSW1,1999/05/24 14:00,8350.17667,32.17,TRADE
NSW1,1999/05/24 14:30,8374.64167,35.79,TRADE
NSW1,1999/05/24 15:00,8279.135,32.3,TRADE
NSW1,1999/05/24 15:30,8299.11167,38.52,TRADE
NSW1,1999/05/24 16:00,8477.6,47.95,TRADE
NSW1,1999/05/24 16:30,8617.815,35.41,TRADE
NSW1,1999/05/24 17:00,8871.62667,47.31,TRADE
NSW1,1999/05/24 17:30,9321.02,51.0,TRADE
NSW1,1999/05/24 18:00,9760.19667,71.41,TRADE
NSW1,1999/05/24 18:30,9518.08333,47.32,TRADE
NSW1,1999/05/24 19:00,9265.87,30.88,TRADE
NSW1,1999/05/24 19:30,8891.79,23.86,TRADE
NSW1,1999/05/24 20:00,8647.95833,22.43,TRADE
NSW1,1999/05/24 20:30,8497.44,26.2,TRADE
NSW1,1999/05/24 21:00,8310.21167,19.48,TRADE
NSW1,1999/05/24 21:30,8037.84833,19.11,TRADE
NSW1,1999/05/24 22:00,7744.83833,18.84,TRADE
NSW1,1999/05/24 22:30,7959.295,26.36,TRADE
NSW1,1999/05/24 23:00,8028.86,24.25,TRADE
NSW1,1999/05/24 23:30,8035.48167,28.68,TRADE
NSW1,1999/05/25 00:00,8017.95667,27.74,TRADE
NSW1,1999/05/25 00:30,7899.91,27.44,TRADE
NSW1,1999/05/25 01:00,7762.48333,25.78,TRADE
NSW1,1999/05/25 01:30,7513.54167,27.81,TRADE
NSW1,1999/05/25 02:00,7172.09,26.8,TRADE
NSW1,1999/05/25 02:30,6764.21667,22.68,TRADE
NSW1,1999/05/25 03:00,6453.61167,20.67,TRADE
NSW1,1999/05/25 03:30,6182.70833,15.95,TRADE
NSW1,1999/05/25 04:00,5945.99667,14.19,TRADE
NSW1,1999/05/25 04:30,5851.43667,10.91,TRADE
NSW1,1999/05/25 05:00,5792.11667,11.0,TRADE
NSW1,1999/05/25 05:30,6006.145,13.87,TRADE
NSW1,1999/05/25 06:00,6392.97,15.87,TRADE
NSW1,1999/05/25 06:30,7124.035,20.61,TRADE
NSW1,1999/05/25 07:00,7863.38333,26.18,TRADE
NSW1,1999/05/25 07:30,7886.14333,20.9,TRADE
NSW1,1999/05/25 08:00,8385.305,31.92,TRADE
NSW1,1999/05/25 08:30,8457.285,32.83,TRADE
NSW1,1999/05/25 09:00,8348.185,28.06,TRADE
NSW1,1999/05/25 09:30,8650.58833,30.5,TRADE
NSW1,1999/05/25 10:00,8733.0,30.56,TRADE
NSW1,1999/05/25 10:30,8637.13833,27.73,TRADE
NSW1,1999/05/25 11:00,8546.97333,27.6,TRADE
NSW1,1999/05/25 11:30,8437.75333,28.47,TRADE
NSW1,1999/05/25 12:00,8408.33333,28.95,TRADE
NSW1,1999/05/25 12:30,8382.63333,29.1,TRADE
NSW1,1999/05/25 13:00,8317.09,29.63,TRADE
NSW1,1999/05/25 13:30,8295.12833,31.91,TRADE
NSW1,1999/05/25 14:00,8274.58833,31.43,TRADE
NSW1,1999/05/25 14:30,8247.25167,30.58,TRADE
NSW1,1999/05/25 15:00,8181.08,31.23,TRADE
NSW1,1999/05/25 15:30,8183.69833,29.3,TRADE
NSW1,1999/05/25 16:00,8248.30833,31.12,TRADE
NSW1,1999/05/25 16:30,8355.23667,29.33,TRADE
NSW1,1999/05/25 17:00,8578.47667,28.9,TRADE
NSW1,1999/05/25 17:30,9071.16167,37.27,TRADE
NSW1,1999/05/25 18:00,9496.39,54.59,TRADE
NSW1,1999/05/25 18:30,9306.32167,49.98,TRADE
NSW1,1999/05/25 19:00,9110.005,35.05,TRADE
NSW1,1999/05/25 19:30,8831.64167,32.94,TRADE
NSW1,1999/05/25 20:00,8577.27833,26.14,TRADE
NSW1,1999/05/25 20:30,8424.09833,26.09,TRADE
NSW1,1999/05/25 21:00,8247.085,24.91,TRADE
NSW1,1999/05/25 21:30,8025.155,22.46,TRADE
NSW1,1999/05/25 22:00,7850.25,22.15,TRADE
NSW1,1999/05/25 22:30,7943.23,24.69,TRADE
NSW1,1999/05/25 23:00,8022.01333,24.23,TRADE
NSW1,1999/05/25 23:30,8055.42,31.28,TRADE
NSW1,1999/05/26 00:00,8057.31833,31.28,TRADE
NSW1,1999/05/26 00:30,7946.525,29.5,TRADE
NSW1,1999/05/26 01:00,7769.2,27.42,TRADE
NSW1,1999/05/26 01:30,7517.53167,29.76,TRADE
NSW1,1999/05/26 02:00,7175.50833,28.81,TRADE
NSW1,1999/05/26 02:30,6781.74833,25.61,TRADE
NSW1,1999/05/26 03:00,6440.31333,22.83,TRADE
NSW1,1999/05/26 03:30,6153.89667,18.39,TRADE
NSW1,1999/05/26 04:00,5935.76333,15.91,TRADE
NSW1,1999/05/26 04:30,5852.02333,12.77,TRADE
NSW1,1999/05/26 05:00,5849.46,14.15,TRADE
NSW1,1999/05/26 05:30,6098.42333,19.97,TRADE
NSW1,1999/05/26 06:00,6486.58833,18.25,TRADE
NSW1,1999/05/26 06:30,7273.745,23.52,TRADE
NSW1,1999/05/26 07:00,8047.02833,29.41,TRADE
NSW1,1999/05/26 07:30,8112.74667,25.72,TRADE
NSW1,1999/05/26 08:00,8541.19,32.25,TRADE
NSW1,1999/05/26 08:30,8547.99167,32.73,TRADE
NSW1,1999/05/26 09:00,8466.17833,41.0,TRADE
NSW1,1999/05/26 09:30,8663.2,43.66,TRADE
NSW1,1999/05/26 10:00,8756.945,41.83,TRADE
NSW1,1999/05/26 10:30,8610.76167,31.07,TRADE
NSW1,1999/05/26 11:00,8481.53833,40.7,TRADE
NSW1,1999/05/26 11:30,8330.08,31.52,TRADE
NSW1,1999/05/26 12:00,8279.01167,31.11,TRADE
NSW1,1999/05/26 12:30,8192.37833,37.67,TRADE
NSW1,1999/05/26 13:00,8235.26,42.48,TRADE
NSW1,1999/05/26 13:30,8193.815,42.05,TRADE
NSW1,1999/05/26 14:00,8164.72667,42.75,TRADE
NSW1,1999/05/26 14:30,8129.91833,42.39,TRADE
NSW1,1999/05/26 15:00,8108.46,36.92,TRADE
NSW1,1999/05/26 15:30,8053.125,35.37,TRADE
NSW1,1999/05/26 16:00,8105.01833,27.56,TRADE
NSW1,1999/05/26 16:30,8212.12,31.69,TRADE
NSW1,1999/05/26 17:00,8505.89167,36.28,TRADE
NSW1,1999/05/26 17:30,9083.17333,49.49,TRADE
NSW1,1999/05/26 18:00,9501.925,58.53,TRADE
NSW1,1999/05/26 18:30,9366.25167,47.16,TRADE
NSW1,1999/05/26 19:00,9167.01667,31.58,TRADE
NSW1,1999/05/26 19:30,8950.82,28.58,TRADE
NSW1,1999/05/26 20:00,8699.05833,26.43,TRADE
NSW1,1999/05/26 20:30,8517.56333,24.08,TRADE
NSW1,1999/05/26 21:00,8317.255,18.15,TRADE
NSW1,1999/05/26 21:30,8141.77667,18.21,TRADE
NSW1,1999/05/26 22:00,7879.62667,20.82,TRADE
NSW1,1999/05/26 22:30,8128.42,28.35,TRADE
NSW1,1999/05/26 23:00,8152.30333,27.93,TRADE
NSW1,1999/05/26 23:30,8150.565,32.81,TRADE
NSW1,1999/05/27 00:00,8147.50167,33.5,TRADE
NSW1,1999/05/27 00:30,8037.48833,33.11,TRADE
NSW1,1999/05/27 01:00,7873.82333,31.12,TRADE
NSW1,1999/05/27 01:30,7647.20167,33.03,TRADE
NSW1,1999/05/27 02:00,7261.85,31.24,TRADE
NSW1,1999/05/27 02:30,6833.79167,27.39,TRADE
NSW1,1999/05/27 03:00,6525.42667,27.32,TRADE
NSW1,1999/05/27 03:30,6201.29833,24.18,TRADE
NSW1,1999/05/27 04:00,5998.88833,20.01,TRADE
NSW1,1999/05/27 04:30,5888.25333,13.89,TRADE
NSW1,1999/05/27 05:00,5899.97833,16.96,TRADE
NSW1,1999/05/27 05:30,6178.49833,23.49,TRADE
NSW1,1999/05/27 06:00,6521.87167,23.8,TRADE
NSW1,1999/05/27 06:30,7275.68833,27.28,TRADE
NSW1,1999/05/27 07:00,8028.56667,31.49,TRADE
NSW1,1999/05/27 07:30,8103.515,30.64,TRADE
NSW1,1999/05/27 08:00,8530.69667,46.68,TRADE
NSW1,1999/05/27 08:30,8486.13167,47.02,TRADE
NSW1,1999/05/27 09:00,8357.68333,41.61,TRADE
NSW1,1999/05/27 09:30,8563.64333,49.5,TRADE
NSW1,1999/05/27 10:00,8577.30167,40.36,TRADE
NSW1,1999/05/27 10:30,8497.655,37.05,TRADE
NSW1,1999/05/27 11:00,8361.59167,30.55,TRADE
NSW1,1999/05/27 11:30,8292.87667,41.58,TRADE
NSW1,1999/05/27 12:00,8249.91167,38.67,TRADE
NSW1,1999/05/27 12:30,8195.85833,34.29,TRADE
NSW1,1999/05/27 13:00,8098.42667,28.43,TRADE
NSW1,1999/05/27 13:30,8066.26667,31.22,TRADE
NSW1,1999/05/27 14:00,7951.66167,28.49,TRADE
NSW1,1999/05/27 14:30,7931.08833,28.6,TRADE
NSW1,1999/05/27 15:00,7880.79167,27.11,TRADE
NSW1,1999/05/27 15:30,7907.03833,25.77,TRADE
NSW1,1999/05/27 16:00,7960.38333,28.6,TRADE
NSW1,1999/05/27 16:30,8055.92,28.85,TRADE
NSW1,1999/05/27 17:00,8227.06167,20.38,TRADE
NSW1,1999/05/27 17:30,8840.17,37.4,TRADE
NSW1,1999/05/27 18:00,9425.25333,56.8,TRADE
NSW1,1999/05/27 18:30,9340.15,55.24,TRADE
NSW1,1999/05/27 19:00,9219.42333,49.67,TRADE
NSW1,1999/05/27 19:30,9061.34,47.49,TRADE
NSW1,1999/05/27 20:00,8887.90333,49.83,TRADE
NSW1,1999/05/27 20:30,8819.06667,53.29,TRADE
NSW1,1999/05/27 21:00,8675.46,51.12,TRADE
NSW1,1999/05/27 21:30,8393.11833,37.35,TRADE
NSW1,1999/05/27 22:00,8124.74833,28.45,TRADE
NSW1,1999/05/27 22:30,8271.84167,32.41,TRADE
NSW1,1999/05/27 23:00,8342.32,32.49,TRADE
NSW1,1999/05/27 23:30,8358.26833,45.98,TRADE
NSW1,1999/05/28 00:00,8297.95667,45.27,TRADE
NSW1,1999/05/28 00:30,8203.705,41.78,TRADE
NSW1,1999/05/28 01:00,8012.25833,35.4,TRADE
NSW1,1999/05/28 01:30,7822.4,37.75,TRADE
NSW1,1999/05/28 02:00,7435.485,30.84,TRADE
NSW1,1999/05/28 02:30,7003.22667,26.8,TRADE
NSW1,1999/05/28 03:00,6706.155,25.49,TRADE
NSW1,1999/05/28 03:30,6355.12833,18.41,TRADE
NSW1,1999/05/28 04:00,6137.57,13.58,TRADE
NSW1,1999/05/28 04:30,6058.39167,13.94,TRADE
NSW1,1999/05/28 05:00,6062.74333,14.18,TRADE
NSW1,1999/05/28 05:30,6274.875,20.4,TRADE
NSW1,1999/05/28 06:00,6658.12333,21.95,TRADE
NSW1,1999/05/28 06:30,7467.975,27.24,TRADE
NSW1,1999/05/28 07:00,8243.19167,30.7,TRADE
NSW1,1999/05/28 07:30,8439.465,36.02,TRADE
NSW1,1999/05/28 08:00,8842.09,50.85,TRADE
NSW1,1999/05/28 08:30,8854.91167,49.07,TRADE
NSW1,1999/05/28 09:00,8754.16833,51.04,TRADE
NSW1,1999/05/28 09:30,8893.59667,46.98,TRADE
NSW1,1999/05/28 10:00,8906.115,44.57,TRADE
NSW1,1999/05/28 10:30,8762.79167,39.19,TRADE
NSW1,1999/05/28 11:00,8570.69167,33.64,TRADE
NSW1,1999/05/28 11:30,8386.43667,30.23,TRADE
NSW1,1999/05/28 12:00,8233.81667,35.09,TRADE
NSW1,1999/05/28 12:30,8190.525,42.38,TRADE
NSW1,1999/05/28 13:00,8016.235,33.29,TRADE
NSW1,1999/05/28 13:30,8013.91333,36.48,TRADE
NSW1,1999/05/28 14:00,7952.48833,34.11,TRADE
NSW1,1999/05/28 14:30,7885.99667,29.9,TRADE
NSW1,1999/05/28 15:00,7814.91833,27.97,TRADE
NSW1,1999/05/28 15:30,7807.84333,23.95,TRADE
NSW1,1999/05/28 16:00,7846.01833,20.31,TRADE
NSW1,1999/05/28 16:30,8037.22833,20.92,TRADE
NSW1,1999/05/28 17:00,8334.98833,21.69,TRADE
NSW1,1999/05/28 17:30,8936.78167,38.77,TRADE
NSW1,1999/05/28 18:00,9348.39667,55.34,TRADE
NSW1,1999/05/28 18:30,9288.32667,53.35,TRADE
NSW1,1999/05/28 19:00,9144.53,46.42,TRADE
NSW1,1999/05/28 19:30,8931.67833,39.61,TRADE
NSW1,1999/05/28 20:00,8740.05,30.03,TRADE
NSW1,1999/05/28 20:30,8631.05833,32.93,TRADE
NSW1,1999/05/28 21:00,8466.335,28.95,TRADE
NSW1,1999/05/28 21:30,8311.225,27.61,TRADE
NSW1,1999/05/28 22:00,8039.64167,23.41,TRADE
NSW1,1999/05/28 22:30,8342.63833,37.37,TRADE
NSW1,1999/05/28 23:00,8439.605,36.91,TRADE
NSW1,1999/05/28 23:30,8462.18167,54.61,TRADE
NSW1,1999/05/29 00:00,8352.06,48.76,TRADE
NSW1,1999/05/29 00:30,8098.34167,38.48,TRADE
NSW1,1999/05/29 01:00,8051.32333,43.47,TRADE
NSW1,1999/05/29 01:30,7784.58167,41.75,TRADE
NSW1,1999/05/29 02:00,7343.94167,32.39,TRADE
NSW1,1999/05/29 02:30,6881.185,26.28,TRADE
NSW1,1999/05/29 03:00,6500.09333,26.01,TRADE
NSW1,1999/05/29 03:30,6141.18833,22.28,TRADE
NSW1,1999/05/29 04:00,5973.905,17.73,TRADE
NSW1,1999/05/29 04:30,5739.29,14.71,TRADE
NSW1,1999/05/29 05:00,5706.5,15.05,TRADE
NSW1,1999/05/29 05:30,5775.38333,15.58,TRADE
NSW1,1999/05/29 06:00,5842.235,16.15,TRADE
NSW1,1999/05/29 06:30,6183.53833,20.43,TRADE
NSW1,1999/05/29 07:00,6412.32833,22.32,TRADE
NSW1,1999/05/29 07:30,6798.88333,25.65,TRADE
NSW1,1999/05/29 08:00,7435.33667,30.94,TRADE
NSW1,1999/05/29 08:30,7921.96333,36.67,TRADE
NSW1,1999/05/29 09:00,8206.47,39.72,TRADE
NSW1,1999/05/29 09:30,8484.725,45.99,TRADE
NSW1,1999/05/29 10:00,8429.35667,40.37,TRADE
NSW1,1999/05/29 10:30,8220.42333,39.64,TRADE
NSW1,1999/05/29 11:00,8034.16333,39.05,TRADE
NSW1,1999/05/29 11:30,7824.165,37.57,TRADE
NSW1,1999/05/29 12:00,7624.27833,36.06,TRADE
NSW1,1999/05/29 12:30,7510.07667,37.49,TRADE
NSW1,1999/05/29 13:00,7379.54833,37.94,TRADE
NSW1,1999/05/29 13:30,7248.40333,37.91,TRADE
NSW1,1999/05/29 14:00,7146.24167,37.91,TRADE
NSW1,1999/05/29 14:30,7024.855,37.82,TRADE
NSW1,1999/05/29 15:00,7021.03167,39.41,TRADE
NSW1,1999/05/29 15:30,6980.96167,38.97,TRADE
NSW1,1999/05/29 16:00,7050.245,39.48,TRADE
NSW1,1999/05/29 16:30,7233.23167,38.39,TRADE
NSW1,1999/05/29 17:00,7709.06167,40.04,TRADE
NSW1,1999/05/29 17:30,8260.99167,52.75,TRADE
NSW1,1999/05/29 18:00,8751.98,83.6,TRADE
NSW1,1999/05/29 18:30,8643.32333,51.14,TRADE
NSW1,1999/05/29 19:00,8458.655,40.2,TRADE
NSW1,1999/05/29 19:30,8089.065,37.7,TRADE
NSW1,1999/05/29 20:00,7860.54667,34.06,TRADE
NSW1,1999/05/29 20:30,7661.12833,32.81,TRADE
NSW1,1999/05/29 21:00,7569.27,32.38,TRADE
NSW1,1999/05/29 21:30,7387.485,29.11,TRADE
NSW1,1999/05/29 22:00,7221.32,27.1,TRADE
NSW1,1999/05/29 22:30,7391.80833,27.65,TRADE
NSW1,1999/05/29 23:00,7359.87667,26.87,TRADE
NSW1,1999/05/29 23:30,7376.88,28.91,TRADE
NSW1,1999/05/30 00:00,7265.59,28.47,TRADE
NSW1,1999/05/30 00:30,7051.75167,27.46,TRADE
NSW1,1999/05/30 01:00,6759.33,27.48,TRADE
NSW1,1999/05/30 01:30,6494.6,27.38,TRADE
NSW1,1999/05/30 02:00,6257.81833,26.49,TRADE
NSW1,1999/05/30 02:30,6015.20667,22.08,TRADE
NSW1,1999/05/30 03:00,5695.25333,16.4,TRADE
NSW1,1999/05/30 03:30,5517.14167,15.91,TRADE
NSW1,1999/05/30 04:00,5333.26167,14.31,TRADE
NSW1,1999/05/30 04:30,5279.21833,13.22,TRADE
NSW1,1999/05/30 05:00,5237.995,12.77,TRADE
NSW1,1999/05/30 05:30,5294.465,13.12,TRADE
NSW1,1999/05/30 06:00,5321.83667,13.19,TRADE
NSW1,1999/05/30 06:30,5486.94167,13.78,TRADE
NSW1,1999/05/30 07:00,5628.25667,14.29,TRADE
NSW1,1999/05/30 07:30,5861.79833,14.72,TRADE
NSW1,1999/05/30 08:00,6245.26833,15.43,TRADE
NSW1,1999/05/30 08:30,6701.53833,17.41,TRADE
NSW1,1999/05/30 09:00,7124.355,23.72,TRADE
NSW1,1999/05/30 09:30,7469.72833,27.0,TRADE
NSW1,1999/05/30 10:00,7653.5,28.99,TRADE
NSW1,1999/05/30 10:30,7658.16333,29.3,TRADE
NSW1,1999/05/30 11:00,7580.12167,28.69,TRADE
NSW1,1999/05/30 11:30,7512.92167,29.0,TRADE
NSW1,1999/05/30 12:00,7423.045,28.97,TRADE
NSW1,1999/05/30 12:30,7368.64667,29.27,TRADE
NSW1,1999/05/30 13:00,7257.83833,27.92,TRADE
NSW1,1999/05/30 13:30,7129.25167,27.74,TRADE
NSW1,1999/05/30 14:00,7035.415,26.98,TRADE
NSW1,1999/05/30 14:30,6893.01833,25.4,TRADE
NSW1,1999/05/30 15:00,6811.43833,24.14,TRADE
NSW1,1999/05/30 15:30,6839.83167,24.38,TRADE
NSW1,1999/05/30 16:00,6772.57833,18.13,TRADE
NSW1,1999/05/30 16:30,6913.03333,20.67,TRADE
NSW1,1999/05/30 17:00,7290.99833,23.06,TRADE
NSW1,1999/05/30 17:30,7746.235,28.87,TRADE
NSW1,1999/05/30 18:00,8203.16667,31.47,TRADE
NSW1,1999/05/30 18:30,8235.98667,30.17,TRADE
NSW1,1999/05/30 19:00,8106.52667,28.12,TRADE
NSW1,1999/05/30 19:30,7894.87333,27.32,TRADE
NSW1,1999/05/30 20:00,7721.61,26.78,TRADE
NSW1,1999/05/30 20:30,7527.215,23.44,TRADE
NSW1,1999/05/30 21:00,7383.28167,15.99,TRADE
NSW1,1999/05/30 21:30,7161.43667,17.09,TRADE
NSW1,1999/05/30 22:00,6960.48,16.2,TRADE
NSW1,1999/05/30 22:30,7095.67,16.67,TRADE
NSW1,1999/05/30 23:00,7111.37833,15.61,TRADE
NSW1,1999/05/30 23:30,7105.93,18.1,TRADE
NSW1,1999/05/31 00:00,6969.31,15.8,TRADE
NSW1,1999/05/31 00:30,6832.735,15.59,TRADE
NSW1,1999/05/31 01:00,6624.83833,14.77,TRADE
NSW1,1999/05/31 01:30,6453.13167,17.14,TRADE
NSW1,1999/05/31 02:00,6189.78333,14.89,TRADE
NSW1,1999/05/31 02:30,5846.83167,13.0,TRADE
NSW1,1999/05/31 03:00,5550.72833,12.38,TRADE
NSW1,1999/05/31 03:30,5532.29667,12.61,TRADE
NSW1,1999/05/31 04:00,5583.135,12.74,TRADE
NSW1,1999/05/31 04:30,5561.50333,7.55,TRADE
NSW1,1999/05/31 05:00,5627.78167,8.41,TRADE
NSW1,1999/05/31 05:30,5905.65167,11.31,TRADE
NSW1,1999/05/31 06:00,6281.83,11.82,TRADE
NSW1,1999/05/31 06:30,6991.43333,18.8,TRADE
NSW1,1999/05/31 07:00,7674.725,26.48,TRADE
NSW1,1999/05/31 07:30,7752.48333,22.08,TRADE
NSW1,1999/05/31 08:00,8239.62833,30.55,TRADE
NSW1,1999/05/31 08:30,8378.12667,32.73,TRADE
NSW1,1999/05/31 09:00,8372.165,27.48,TRADE
NSW1,1999/05/31 09:30,8639.58833,35.36,TRADE
NSW1,1999/05/31 10:00,8708.40167,35.61,TRADE
NSW1,1999/05/31 10:30,8669.41167,34.12,TRADE
NSW1,1999/05/31 11:00,8535.175,32.94,TRADE
NSW1,1999/05/31 11:30,8434.71167,29.62,TRADE
NSW1,1999/05/31 12:00,8431.82667,29.1,TRADE
NSW1,1999/05/31 12:30,8359.52167,27.48,TRADE
NSW1,1999/05/31 13:00,8332.05333,26.77,TRADE
NSW1,1999/05/31 13:30,8336.76,40.39,TRADE
NSW1,1999/05/31 14:00,8312.36833,40.53,TRADE
NSW1,1999/05/31 14:30,8233.90167,37.1,TRADE
NSW1,1999/05/31 15:00,8103.26167,31.22,TRADE
NSW1,1999/05/31 15:30,7975.21667,27.25,TRADE
NSW1,1999/05/31 16:00,8104.09667,28.22,TRADE
NSW1,1999/05/31 16:30,8243.265,29.42,TRADE
NSW1,1999/05/31 17:00,8569.74333,34.51,TRADE
NSW1,1999/05/31 17:30,9162.015,44.18,TRADE
NSW1,1999/05/31 18:00,9519.52833,54.76,TRADE
NSW1,1999/05/31 18:30,9445.46,42.08,TRADE
NSW1,1999/05/31 19:00,9193.94167,32.01,TRADE
NSW1,1999/05/31 19:30,8917.79167,32.45,TRADE
NSW1,1999/05/31 20:00,8639.4,27.79,TRADE
NSW1,1999/05/31 20:30,8500.48833,26.28,TRADE
NSW1,1999/05/31 21:00,8364.80667,24.08,TRADE
NSW1,1999/05/31 21:30,8084.39167,23.71,TRADE
NSW1,1999/05/31 22:00,7814.16833,21.1,TRADE
NSW1,1999/05/31 22:30,8051.91833,28.53,TRADE
NSW1,1999/05/31 23:00,8055.95,25.79,TRADE
NSW1,1999/05/31 23:30,8150.62833,33.24,TRADE
NSW1,1999/06/01 00:00,8113.015,31.61,TRADE
